{
  "文件": "C.mat",
  "变量": "C",
  "使用采样率": 32000.0,
  "时长(秒)": 3.0,
  "均值": 0.03741326132379572,
  "标准差": 31.867068292592354,
  "RMS": 31.867090254945897,
  "峭度": 25.661010092044666,
  "偏度": 0.111765090660899,
  "峰值": 347.4137568709385,
  "峰值因子": 10.901960426619702
}