{
  "文件": "D.mat",
  "变量": "D",
  "使用采样率": 32000.0,
  "时长(秒)": 3.0,
  "均值": 0.03625391763407055,
  "标准差": 8.349013658190152,
  "RMS": 8.349092370502888,
  "峭度": 0.037207352369095226,
  "偏度": 0.016638159929025242,
  "峰值": 37.8458216274123,
  "峰值因子": 4.5329264485227805
}