{
  "文件": "E.mat",
  "变量": "E",
  "使用采样率": 32000.0,
  "时长(秒)": 3.0,
  "均值": -0.010719801099763818,
  "标准差": 15.611782158786639,
  "RMS": 15.611785839151917,
  "峭度": 38.28058433184921,
  "偏度": -0.03904733192267888,
  "峰值": 179.6403239482024,
  "峰值因子": 11.50671203147641
}