{
  "文件": "F.mat",
  "变量": "F",
  "使用采样率": 32000.0,
  "时长(秒)": 3.0,
  "均值": 0.005417178825445003,
  "标准差": 5.750597124589064,
  "RMS": 5.750599676134519,
  "峭度": 0.08402411680480393,
  "偏度": 0.015836575555926175,
  "峰值": 24.864816628521947,
  "峰值因子": 4.323864993022043
}