{
  "文件": "I.mat",
  "变量": "I",
  "使用采样率": 32000.0,
  "时长(秒)": 3.0,
  "均值": -0.05177579766065347,
  "标准差": 29.540239966864718,
  "RMS": 29.540285341092684,
  "峭度": 18.658861956177816,
  "偏度": 0.011039041724519921,
  "峰值": 299.755418628683,
  "峰值因子": 10.147343370840817
}