{
  "文件": "J.mat",
  "变量": "J",
  "使用采样率": 32000.0,
  "时长(秒)": 3.0,
  "均值": -0.010496553669172631,
  "标准差": 30.516693128341164,
  "RMS": 30.516694933543903,
  "峭度": 34.476873392509,
  "偏度": 0.24366041751773654,
  "峰值": 432.438309436089,
  "峰值因子": 14.170548625197073
}