{
  "文件": "K.mat",
  "变量": "K",
  "使用采样率": 32000.0,
  "时长(秒)": 3.0,
  "均值": 0.0011244012272749243,
  "标准差": 10.314856451329984,
  "RMS": 10.314856512614314,
  "峭度": 0.5526136192310638,
  "偏度": -0.03635689856448445,
  "峰值": 58.22974788405375,
  "峰值因子": 5.645231013426414
}