{
  "文件": "M.mat",
  "变量": "M",
  "使用采样率": 32000.0,
  "时长(秒)": 3.0,
  "均值": 0.004976157711752775,
  "标准差": 10.024576263947639,
  "RMS": 10.024577499019495,
  "峭度": 0.34129503624945867,
  "偏度": -0.08134417018073788,
  "峰值": 54.262974120250874,
  "峰值因子": 5.412993627467925
}