{
  "文件": "A.mat",
  "变量": "A",
  "使用采样率": 32000.0,
  "时长(秒)": 3.0,
  "均值": 0.014252852634366297,
  "标准差": 3.4305306831342652,
  "RMS": 3.4305602912255986,
  "峭度": 0.1415696934692492,
  "偏度": 0.013417577913135468,
  "峰值": 15.635659703391369,
  "峰值因子": 4.557756860703762
}