{
  "文件": "B.mat",
  "变量": "B",
  "使用采样率": 32000.0,
  "时长(秒)": 3.0,
  "均值": -0.0006289317456519879,
  "标准差": 1.4810126271042312,
  "RMS": 1.4810127606463481,
  "峭度": 1.5828237222672819,
  "偏度": 0.02880405435773636,
  "峰值": 11.436762235963243,
  "峰值因子": 7.722257727861829
}