{
  "文件": "G.mat",
  "变量": "G",
  "使用采样率": 32000.0,
  "时长(秒)": 3.0,
  "均值": 0.003143654168840962,
  "标准差": 1.6205567382066235,
  "RMS": 1.6205597873291884,
  "峭度": 1.3154447576459898,
  "偏度": -0.026755126307530814,
  "峰值": 10.563148137576647,
  "峰值因子": 6.518209460809562
}