{
  "文件": "H.mat",
  "变量": "H",
  "使用采样率": 32000.0,
  "时长(秒)": 3.0,
  "均值": 0.012357186079029579,
  "标准差": 10.844817255807985,
  "RMS": 10.844824296037187,
  "峭度": 1.8879553956115984,
  "偏度": -0.2565552540821097,
  "峰值": 69.89483931400075,
  "峰值因子": 6.44499508761438
}