{
  "文件": "L.mat",
  "变量": "L",
  "使用采样率": 32000.0,
  "时长(秒)": 3.0,
  "均值": 0.001172552195433277,
  "标准差": 1.8170744975494795,
  "RMS": 1.8170748758714774,
  "峭度": 0.5911692670202986,
  "偏度": 0.015079502750771436,
  "峰值": 9.87697932689937,
  "峰值因子": 5.4356479515806
}