{
  "文件": "N.mat",
  "变量": "N",
  "使用采样率": 32000.0,
  "时长(秒)": 3.0,
  "均值": 0.00042063454022821614,
  "标准差": 9.351865329524882,
  "RMS": 9.351865338984675,
  "峭度": 29.2514528617143,
  "偏度": -0.13418072308681483,
  "峰值": 152.6386956652433,
  "峰值因子": 16.321737977657317
}