{
  "文件": "O.mat",
  "变量": "O",
  "使用采样率": 32000.0,
  "时长(秒)": 3.0,
  "均值": -0.002580247291058709,
  "标准差": 1.4779170462966729,
  "RMS": 1.4779192986798584,
  "峭度": 1.1200149897399996,
  "偏度": 0.0225100537581653,
  "峰值": 10.340078957650373,
  "峰值因子": 6.996375896090254
}