{
  "文件": "P.mat",
  "变量": "P",
  "使用采样率": 32000.0,
  "时长(秒)": 3.0,
  "均值": 0.008183141708724934,
  "标准差": 8.485242090629454,
  "RMS": 8.485246036527045,
  "峭度": 0.10846948964300163,
  "偏度": 0.00705063830918642,
  "峰值": 36.92925792520026,
  "峰值因子": 4.352172908861835
}