{
  "相对路径": "48kHz_DE_data\\B\\0007\\B007_3.mat",
  "文件": "B007_3.mat",
  "通道": "DE",
  "采样率": 48000.0,
  "时长(秒)": 3.0,
  "故障类别": "滚动体",
  "外圈方位": null,
  "采样点位": null,
  "尺寸(inch)": 0.007,
  "载荷": 3,
  "RPM": 1721,
  "均值": 0.00028430904991981503,
  "标准差": 0.14119443430303513,
  "RMS": 0.14119472054503301,
  "峭度": 0.04335771343693873,
  "偏度": 0.026158180971772946,
  "峰值": 0.6224476538191505,
  "峰值因子": 4.408434333921327
}