{
  "相对路径": "48kHz_DE_data\\B\\0007\\B007_0.mat",
  "文件": "B007_0.mat",
  "通道": "DE",
  "采样率": 48000.0,
  "时长(秒)": 3.0,
  "故障类别": "滚动体",
  "外圈方位": null,
  "采样点位": null,
  "尺寸(inch)": 0.007,
  "载荷": 0,
  "RPM": 1796,
  "均值": 0.00036497498910393483,
  "标准差": 0.14614893820373048,
  "RMS": 0.146149393925601,
  "峭度": 0.10521983329940587,
  "偏度": -0.020046441524783274,
  "峰值": 0.7000297348352578,
  "峰值因子": 4.789823043615328
}