{
  "相对路径": "48kHz_DE_data\\B\\0007\\B007_1.mat",
  "文件": "B007_1.mat",
  "通道": "DE",
  "采样率": 48000.0,
  "时长(秒)": 3.0,
  "故障类别": "滚动体",
  "外圈方位": null,
  "采样点位": null,
  "尺寸(inch)": 0.007,
  "载荷": 1,
  "RPM": 1772,
  "均值": -0.000961233373613056,
  "标准差": 0.1402467141316641,
  "RMS": 0.1402500081794196,
  "峭度": 0.05720347556682581,
  "偏度": -0.0041991198693383264,
  "峰值": 0.6564659446135664,
  "峰值因子": 4.680683824087625
}