{
  "相对路径": "48kHz_DE_data\\B\\0007\\B007_2.mat",
  "文件": "B007_2.mat",
  "通道": "FE",
  "采样率": 48000.0,
  "时长(秒)": 3.0,
  "故障类别": "滚动体",
  "外圈方位": null,
  "采样点位": null,
  "尺寸(inch)": 0.007,
  "载荷": 2,
  "RPM": 1747,
  "均值": 0.0007480420457359146,
  "标准差": 0.09635404545558947,
  "RMS": 0.0963569491140104,
  "峭度": -0.039695694286835614,
  "偏度": -0.007515770445529516,
  "峰值": 0.4039286908077995,
  "峰值因子": 4.192003737373082
}