{
  "相对路径": "12kHz_FE_data\\B\\0007\\B007_0.mat",
  "文件": "B007_0.mat",
  "通道": "BA",
  "采样率": 12000.0,
  "时长(秒)": 3.0,
  "故障类别": "滚动体",
  "外圈方位": null,
  "采样点位": null,
  "尺寸(inch)": 0.007,
  "载荷": 0,
  "RPM": 1798,
  "均值": 0.00051833854935506,
  "标准差": 0.1186236598074172,
  "RMS": 0.11862479226939701,
  "峭度": -0.8822520476409705,
  "偏度": -0.05952291042019634,
  "峰值": 0.3332070331612725,
  "峰值因子": 2.808915630423689
}