{
  "相对路径": "12kHz_FE_data\\B\\0007\\B007_1.mat",
  "文件": "B007_1.mat",
  "通道": "BA",
  "采样率": 12000.0,
  "时长(秒)": 3.0,
  "故障类别": "滚动体",
  "外圈方位": null,
  "采样点位": null,
  "尺寸(inch)": 0.007,
  "载荷": 1,
  "RPM": 1777,
  "均值": -0.001901102108499472,
  "标准差": 0.1604770264874069,
  "RMS": 0.1604882868606517,
  "峭度": -1.3009857915944043,
  "偏度": -0.027881854370073123,
  "峰值": 0.38177316313745874,
  "峰值因子": 2.3788225957508264
}