{
  "相对路径": "48kHz_DE_data\\B\\0014\\B014_0.mat",
  "文件": "B014_0.mat",
  "通道": "FE",
  "采样率": 48000.0,
  "时长(秒)": 3.0,
  "故障类别": "滚动体",
  "外圈方位": null,
  "采样点位": null,
  "尺寸(inch)": 0.014,
  "载荷": 0,
  "RPM": 1797,
  "均值": -0.000632282092667743,
  "标准差": 0.13208989600462884,
  "RMS": 0.13209140928598787,
  "峭度": 8.029391148464592,
  "偏度": -0.00781614171965044,
  "峰值": 1.2675349181093525,
  "峰值因子": 9.595892154992788
}