{
  "相对路径": "48kHz_DE_data\\B\\0014\\B014_3.mat",
  "文件": "B014_3.mat",
  "通道": "DE",
  "采样率": 48000.0,
  "时长(秒)": 3.0,
  "故障类别": "滚动体",
  "外圈方位": null,
  "采样点位": null,
  "尺寸(inch)": 0.014,
  "载荷": 3,
  "RPM": 1725,
  "均值": -0.000425394773623316,
  "标准差": 0.17582736418080017,
  "RMS": 0.1758278787777443,
  "峭度": 13.226195055099907,
  "偏度": 0.3224942577845927,
  "峰值": 2.314439369187915,
  "峰值因子": 13.163096690221055
}