{
  "相对路径": "48kHz_DE_data\\B\\0021\\B021_0.mat",
  "文件": "B021_0.mat",
  "通道": "DE",
  "采样率": 48000.0,
  "时长(秒)": 3.0,
  "故障类别": "滚动体",
  "外圈方位": null,
  "采样点位": null,
  "尺寸(inch)": 0.021,
  "载荷": 0,
  "RPM": 1797,
  "均值": 0.002696178590412482,
  "标准差": 0.3547402834621037,
  "RMS": 0.35475052937207163,
  "峭度": 0.3493874196711655,
  "偏度": -0.0049517031919125735,
  "峰值": 2.1387655045626346,
  "峰值因子": 6.02892829602924
}