{
  "相对路径": "12kHz_FE_data\\B\\0021\\B021_0.mat",
  "文件": "B021_0.mat",
  "通道": "BA",
  "采样率": 12000.0,
  "时长(秒)": 3.0,
  "故障类别": "滚动体",
  "外圈方位": null,
  "采样点位": null,
  "尺寸(inch)": 0.021,
  "载荷": 0,
  "RPM": 1796,
  "均值": -0.00040888752090713685,
  "标准差": 0.10317824460666153,
  "RMS": 0.10317905479852407,
  "峭度": -0.7544837982925885,
  "偏度": -0.034234092838695676,
  "峰值": 0.3439007849189729,
  "峰值因子": 3.3330484136581977
}