{
  "相对路径": "48kHz_DE_data\\B\\0021\\B021_2.mat",
  "文件": "B021_2.mat",
  "通道": "DE",
  "采样率": 48000.0,
  "时长(秒)": 3.0,
  "故障类别": "滚动体",
  "外圈方位": null,
  "采样点位": null,
  "尺寸(inch)": 0.021,
  "载荷": 2,
  "RPM": 1754,
  "均值": -0.0005471102534796967,
  "标准差": 0.35021999502610596,
  "RMS": 0.3502204223709907,
  "峭度": 11.955551985749793,
  "偏度": 0.04865052438477923,
  "峰值": 3.421039832843223,
  "峰值因子": 9.76824769293235
}