{
  "相对路径": "12kHz_FE_data\\B\\0021\\B021_1.mat",
  "文件": "B021_1.mat",
  "通道": "BA",
  "采样率": 12000.0,
  "时长(秒)": 3.0,
  "故障类别": "滚动体",
  "外圈方位": null,
  "采样点位": null,
  "尺寸(inch)": 0.021,
  "载荷": 1,
  "RPM": 1775,
  "均值": -0.0003336079999870076,
  "标准差": 0.14345537975166356,
  "RMS": 0.14345576765676468,
  "峭度": -1.172569982518573,
  "偏度": -0.05039824337703518,
  "峰值": 0.3618020066377494,
  "峰值因子": 2.5220457326149797
}