{
  "相对路径": "48kHz_DE_data\\B\\0021\\B021_1.mat",
  "文件": "B021_1.mat",
  "通道": "DE",
  "采样率": 48000.0,
  "时长(秒)": 3.0,
  "故障类别": "滚动体",
  "外圈方位": null,
  "采样点位": null,
  "尺寸(inch)": 0.021,
  "载荷": 1,
  "RPM": 1774,
  "均值": 0.0016680087086993775,
  "标准差": 0.22855522364707437,
  "RMS": 0.2285613101761024,
  "峭度": 7.256765112504059,
  "偏度": -3.71502888679086e-05,
  "峰值": 2.5038089243625454,
  "峰值因子": 10.95464898426337
}