{
  "相对路径": "48kHz_DE_data\\B\\0021\\B021_1.mat",
  "文件": "B021_1.mat",
  "通道": "FE",
  "采样率": 48000.0,
  "时长(秒)": 3.0,
  "故障类别": "滚动体",
  "外圈方位": null,
  "采样点位": null,
  "尺寸(inch)": 0.021,
  "载荷": 1,
  "RPM": 1774,
  "均值": 0.0005866618096001816,
  "标准差": 0.09436746572250453,
  "RMS": 0.09436928927869973,
  "峭度": 0.9218402237316026,
  "偏度": 0.004818685608969402,
  "峰值": 0.6881250818772684,
  "峰值因子": 7.291832831812864
}