{
  "相对路径": "12kHz_DE_data\\B\\0028\\B028_0_(1797rpm).mat",
  "文件": "B028_0_(1797rpm).mat",
  "通道": "DE",
  "采样率": 12000.0,
  "时长(秒)": 3.0,
  "故障类别": "滚动体",
  "外圈方位": null,
  "采样点位": null,
  "尺寸(inch)": 0.028,
  "载荷": 0,
  "RPM": 1797,
  "均值": 0.01207210507458175,
  "标准差": 2.018140669630564,
  "RMS": 2.0181767757403795,
  "峭度": 0.8880032255020147,
  "偏度": 0.05554437565666945,
  "峰值": 10.735533897191248,
  "峰值因子": 5.319421978410616
}