{
  "相对路径": "12kHz_DE_data\\B\\0028\\B028_3_(1730rpm).mat",
  "文件": "B028_3_(1730rpm).mat",
  "通道": "DE",
  "采样率": 12000.0,
  "时长(秒)": 3.0,
  "故障类别": "滚动体",
  "外圈方位": null,
  "采样点位": null,
  "尺寸(inch)": 0.028,
  "载荷": 3,
  "RPM": 1730,
  "均值": 0.007540872052673643,
  "标准差": 2.139585426618072,
  "RMS": 2.139598715308025,
  "峭度": 0.9975755363433993,
  "偏度": 0.043065685127600804,
  "峰值": 11.01291555285823,
  "峰值因子": 5.147187402041774
}