{
  "相对路径": "48kHz_DE_data\\IR\\0007\\IR007_1.mat",
  "文件": "IR007_1.mat",
  "通道": "DE",
  "采样率": 48000.0,
  "时长(秒)": 3.0,
  "故障类别": "内圈",
  "外圈方位": null,
  "采样点位": null,
  "尺寸(inch)": 0.007,
  "载荷": 1,
  "RPM": 1772,
  "均值": -0.0003395036753578211,
  "标准差": 0.27732230848023376,
  "RMS": 0.27732251629384785,
  "峭度": 4.354527984664835,
  "偏度": -0.10062006031771482,
  "峰值": 1.5949426037394603,
  "峰值因子": 5.751219284515206
}