{
  "相对路径": "12kHz_FE_data\\IR\\0007\\IR007_0.mat",
  "文件": "IR007_0.mat",
  "通道": "BA",
  "采样率": 12000.0,
  "时长(秒)": 3.0,
  "故障类别": "内圈",
  "外圈方位": null,
  "采样点位": null,
  "尺寸(inch)": 0.007,
  "载荷": 0,
  "RPM": 1796,
  "均值": -0.00018991899292468938,
  "标准差": 0.0900217815750047,
  "RMS": 0.090021981910874,
  "峭度": -0.6510868894139579,
  "偏度": -0.07380299675637098,
  "峰值": 0.31402153873410504,
  "峰值因子": 3.4882762195238173
}