{
  "相对路径": "48kHz_DE_data\\IR\\0007\\IR007_1.mat",
  "文件": "IR007_1.mat",
  "通道": "FE",
  "采样率": 48000.0,
  "时长(秒)": 3.0,
  "故障类别": "内圈",
  "外圈方位": null,
  "采样点位": null,
  "尺寸(inch)": 0.007,
  "载荷": 1,
  "RPM": 1772,
  "均值": 0.0015114278905956303,
  "标准差": 0.23177012348021248,
  "RMS": 0.23177505161751427,
  "峭度": 0.42092331149797424,
  "偏度": -0.15561600457065175,
  "峰值": 1.1288617332078892,
  "峰值因子": 4.87050580004093
}