{
  "相对路径": "48kHz_DE_data\\IR\\0007\\IR007_3.mat",
  "文件": "IR007_3.mat",
  "通道": "DE",
  "采样率": 48000.0,
  "时长(秒)": 3.0,
  "故障类别": "内圈",
  "外圈方位": null,
  "采样点位": null,
  "尺寸(inch)": 0.007,
  "载荷": 3,
  "RPM": 1721,
  "均值": -4.5023436836639214e-05,
  "标准差": 0.2792499037931283,
  "RMS": 0.27924990742269057,
  "峭度": 3.778469230062174,
  "偏度": -0.156996173278366,
  "峰值": 1.5351486341163236,
  "峰值因子": 5.497400691319207
}