{
  "相对路径": "12kHz_FE_data\\IR\\0007\\IR007_3.mat",
  "文件": "IR007_3.mat",
  "通道": "BA",
  "采样率": 12000.0,
  "时长(秒)": 3.0,
  "故障类别": "内圈",
  "外圈方位": null,
  "采样点位": null,
  "尺寸(inch)": 0.007,
  "载荷": 3,
  "RPM": 1732,
  "均值": -0.00030864643786520214,
  "标准差": 0.2750865021916146,
  "RMS": 0.27508667534186526,
  "峭度": -1.3264289255788648,
  "偏度": 0.02094131101686615,
  "峰值": 0.632012860397641,
  "峰值因子": 2.297504448778568
}