{
  "相对路径": "48kHz_DE_data\\IR\\0007\\IR007_2.mat",
  "文件": "IR007_2.mat",
  "通道": "FE",
  "采样率": 48000.0,
  "时长(秒)": 3.0,
  "故障类别": "内圈",
  "外圈方位": null,
  "采样点位": null,
  "尺寸(inch)": 0.007,
  "载荷": 2,
  "RPM": 1748,
  "均值": -0.00010614014070692559,
  "标准差": 0.233489869663759,
  "RMS": 0.23348989378842216,
  "峭度": 0.14148845696596668,
  "偏度": -0.0383141980472209,
  "峰值": 1.0049772223629292,
  "峰值因子": 4.304157263755465
}