{
  "相对路径": "48kHz_DE_data\\IR\\0007\\IR007_3.mat",
  "文件": "IR007_3.mat",
  "通道": "FE",
  "采样率": 48000.0,
  "时长(秒)": 3.0,
  "故障类别": "内圈",
  "外圈方位": null,
  "采样点位": null,
  "尺寸(inch)": 0.007,
  "载荷": 3,
  "RPM": 1721,
  "均值": -0.00024739702765645075,
  "标准差": 0.2230357415137875,
  "RMS": 0.22303587872334424,
  "峭度": 0.31450449897304456,
  "偏度": -0.224909321085739,
  "峰值": 1.0105733644897776,
  "峰值因子": 4.530990127123458
}