{
  "相对路径": "48kHz_DE_data\\IR\\0014\\IR014_0.mat",
  "文件": "IR014_0.mat",
  "通道": "DE",
  "采样率": 48000.0,
  "时长(秒)": 1.3289166666666667,
  "故障类别": "内圈",
  "外圈方位": null,
  "采样点位": null,
  "尺寸(inch)": 0.014,
  "载荷": 0,
  "RPM": 1796,
  "均值": -2.4263806894234627e-16,
  "标准差": 0.1781690031909218,
  "RMS": 0.1781690031909218,
  "峭度": 8.670065675006283,
  "偏度": -0.09130431692110874,
  "峰值": 1.41223495930269,
  "峰值因子": 7.92637851708342
}