{
  "相对路径": "48kHz_DE_data\\IR\\0014\\IR014_2.mat",
  "文件": "IR014_2.mat",
  "通道": "FE",
  "采样率": 48000.0,
  "时长(秒)": 3.0,
  "故障类别": "内圈",
  "外圈方位": null,
  "采样点位": null,
  "尺寸(inch)": 0.014,
  "载荷": 2,
  "RPM": 1751,
  "均值": -2.462647312127686e-05,
  "标准差": 0.09502067942206481,
  "RMS": 0.09502068261328156,
  "峭度": 0.7356921745884271,
  "偏度": -0.028229746453894807,
  "峰值": 0.5868875026473638,
  "峰值因子": 6.1764185070728095
}