{
  "相对路径": "48kHz_DE_data\\IR\\0014\\IR014_3.mat",
  "文件": "IR014_3.mat",
  "通道": "DE",
  "采样率": 48000.0,
  "时长(秒)": 3.0,
  "故障类别": "内圈",
  "外圈方位": null,
  "采样点位": null,
  "尺寸(inch)": 0.014,
  "载荷": 3,
  "RPM": 1726,
  "均值": 0.004625759430831108,
  "标准差": 0.2967083715354941,
  "RMS": 0.29674442773126636,
  "峭度": 9.696934316507907,
  "偏度": 0.410695707984098,
  "峰值": 2.6455133576669425,
  "峰值因子": 8.915123960011597
}