{
  "相对路径": "12kHz_FE_data\\IR\\0014\\IR014_0.mat",
  "文件": "IR014_0.mat",
  "通道": "BA",
  "采样率": 12000.0,
  "时长(秒)": 3.0,
  "故障类别": "内圈",
  "外圈方位": null,
  "采样点位": null,
  "尺寸(inch)": 0.014,
  "载荷": 0,
  "RPM": 1796,
  "均值": 0.00023948501559552888,
  "标准差": 0.22884689608565986,
  "RMS": 0.2288470213944536,
  "峭度": -1.2322130660743482,
  "偏度": -0.007908209625531253,
  "峰值": 0.5898866509217391,
  "峰值因子": 2.577646181835058
}