{
  "相对路径": "12kHz_FE_data\\IR\\0014\\IR014_1.mat",
  "文件": "IR014_1.mat",
  "通道": "BA",
  "采样率": 12000.0,
  "时长(秒)": 3.0,
  "故障类别": "内圈",
  "外圈方位": null,
  "采样点位": null,
  "尺寸(inch)": 0.014,
  "载荷": 1,
  "RPM": 1775,
  "均值": 0.00015730881613084058,
  "标准差": 0.32234528694398934,
  "RMS": 0.32234532532839133,
  "峭度": -1.3682286460318327,
  "偏度": 0.010815667472312234,
  "峰值": 0.729016198012092,
  "峰值因子": 2.261600031796342
}