{
  "相对路径": "48kHz_DE_data\\IR\\0014\\IR014_1.mat",
  "文件": "IR014_1.mat",
  "通道": "FE",
  "采样率": 48000.0,
  "时长(秒)": 3.0,
  "故障类别": "内圈",
  "外圈方位": null,
  "采样点位": null,
  "尺寸(inch)": 0.014,
  "载荷": 1,
  "RPM": 1772,
  "均值": 4.551438234897835e-05,
  "标准差": 0.09215123629812579,
  "RMS": 0.09215124753812079,
  "峭度": 0.6317978610153214,
  "偏度": 0.014644944561656027,
  "峰值": 0.5647767513015408,
  "峰值因子": 6.1288020118002855
}