{
  "相对路径": "12kHz_DE_data\\IR\\0028\\IR028_3_(1730rpm).mat",
  "文件": "IR028_3_(1730rpm).mat",
  "通道": "DE",
  "采样率": 12000.0,
  "时长(秒)": 3.0,
  "故障类别": "内圈",
  "外圈方位": null,
  "采样点位": null,
  "尺寸(inch)": 0.028,
  "载荷": 3,
  "RPM": 1730,
  "均值": 3.2751924362924405e-05,
  "标准差": 0.8241598512194989,
  "RMS": 0.8241598518702759,
  "峭度": 0.3017392964394232,
  "偏度": 0.16872623524296845,
  "峰值": 3.6959227225688074,
  "峰值因子": 4.484473144598836
}