{
  "相对路径": "12kHz_FE_data\\IR\\0021\\IR021_1.mat",
  "文件": "IR021_1.mat",
  "通道": "BA",
  "采样率": 12000.0,
  "时长(秒)": 3.0,
  "故障类别": "内圈",
  "外圈方位": null,
  "采样点位": null,
  "尺寸(inch)": 0.021,
  "载荷": 1,
  "RPM": 1776,
  "均值": -0.00030697125686248344,
  "标准差": 0.08855961713453334,
  "RMS": 0.08856014915506674,
  "峭度": -0.5523588754411244,
  "偏度": 0.17543412187622548,
  "峰值": 0.320920137259458,
  "峰值因子": 3.623753350929145
}