{
  "相对路径": "48kHz_DE_data\\IR\\0021\\IR021_0.mat",
  "文件": "IR021_0.mat",
  "通道": "DE",
  "采样率": 48000.0,
  "时长(秒)": 3.0,
  "故障类别": "内圈",
  "外圈方位": null,
  "采样点位": null,
  "尺寸(inch)": 0.021,
  "载荷": 0,
  "RPM": 1796,
  "均值": 0.00013403153168224045,
  "标准差": 0.5810362275054396,
  "RMS": 0.5810362429644165,
  "峭度": 1.2306039008387355,
  "偏度": -0.030238583384645315,
  "峰值": 3.0638240894419386,
  "峰值因子": 5.273034387339537
}