{
  "相对路径": "12kHz_DE_data\\IR\\0028\\IR028_0_(1797rpm).mat",
  "文件": "IR028_0_(1797rpm).mat",
  "通道": "DE",
  "采样率": 12000.0,
  "时长(秒)": 3.0,
  "故障类别": "内圈",
  "外圈方位": null,
  "采样点位": null,
  "尺寸(inch)": 0.028,
  "载荷": 0,
  "RPM": 1797,
  "均值": 0.0003485736002266214,
  "标准差": 0.8373281351164183,
  "RMS": 0.8373282076707399,
  "峭度": 0.3720591939504656,
  "偏度": 0.11646972821314319,
  "峰值": 4.424253772625226,
  "峰值因子": 5.283774907013479
}