{
  "相对路径": "12kHz_FE_data\\IR\\0021\\IR021_3.mat",
  "文件": "IR021_3.mat",
  "通道": "BA",
  "采样率": 12000.0,
  "时长(秒)": 3.0,
  "故障类别": "内圈",
  "外圈方位": null,
  "采样点位": null,
  "尺寸(inch)": 0.021,
  "载荷": 3,
  "RPM": 1737,
  "均值": -0.0007661187309828223,
  "标准差": 0.11852380296089944,
  "RMS": 0.11852627896894462,
  "峭度": -0.8912345111894311,
  "偏度": 0.09038485226683438,
  "峰值": 0.35436171070521905,
  "峰值因子": 2.9897311700645415
}