{
  "相对路径": "48kHz_DE_data\\IR\\0021\\IR021_1.mat",
  "文件": "IR021_1.mat",
  "通道": "DE",
  "采样率": 48000.0,
  "时长(秒)": 3.0,
  "故障类别": "内圈",
  "外圈方位": null,
  "采样点位": null,
  "尺寸(inch)": 0.021,
  "载荷": 1,
  "RPM": 1774,
  "均值": 0.00010157657732639825,
  "标准差": 0.5967236435424199,
  "RMS": 0.5967236521877963,
  "峭度": 0.873207090892989,
  "偏度": 0.019184277383378356,
  "峰值": 3.1757090510260446,
  "峰值因子": 5.321909127253112
}