{
  "相对路径": "48kHz_DE_data\\IR\\0021\\IR021_2.mat",
  "文件": "IR021_2.mat",
  "通道": "FE",
  "采样率": 48000.0,
  "时长(秒)": 3.0,
  "故障类别": "内圈",
  "外圈方位": null,
  "采样点位": null,
  "尺寸(inch)": 0.021,
  "载荷": 2,
  "RPM": 1752,
  "均值": 0.00030981389411162234,
  "标准差": 0.19034766254426821,
  "RMS": 0.1903479146739349,
  "峭度": 1.0460540812557415,
  "偏度": 0.06444557866515163,
  "峰值": 1.0604244377094236,
  "峰值因子": 5.57098006314346
}