{
  "相对路径": "12kHz_DE_data\\IR\\0028\\IR028_2_(1750rpm).mat",
  "文件": "IR028_2_(1750rpm).mat",
  "通道": "DE",
  "采样率": 12000.0,
  "时长(秒)": 3.0,
  "故障类别": "内圈",
  "外圈方位": null,
  "采样点位": null,
  "尺寸(inch)": 0.028,
  "载荷": 2,
  "RPM": 1750,
  "均值": 0.0008321337853931725,
  "标准差": 0.8382842642486051,
  "RMS": 0.8382846772627196,
  "峭度": 0.23080147826739328,
  "偏度": 0.15281570818598728,
  "峰值": 4.198644544545163,
  "峰值因子": 5.0086142075925135
}