{
  "相对路径": "12kHz_FE_data\\OR\\Centered\\0007\\OR007@6_1.mat",
  "文件": "OR007@6_1.mat",
  "通道": "BA",
  "采样率": 12000.0,
  "时长(秒)": 3.0,
  "故障类别": "外圈",
  "外圈方位": "6点位(Centered)",
  "采样点位": null,
  "尺寸(inch)": 0.007,
  "载荷": null,
  "RPM": 1776,
  "均值": 0.0009160157883327001,
  "标准差": 0.10328884423724516,
  "RMS": 0.1032929059945085,
  "峭度": -0.9154548039511647,
  "偏度": -0.12477517870200563,
  "峰值": 0.31414953803956047,
  "峰值因子": 3.0413466928335042
}