{
  "相对路径": "48kHz_DE_data\\OR\\Centered\\0007\\OR007@6_0.mat",
  "文件": "OR007@6_0.mat",
  "通道": "DE",
  "采样率": 48000.0,
  "时长(秒)": 3.0,
  "故障类别": "外圈",
  "外圈方位": "6点位(Centered)",
  "采样点位": null,
  "尺寸(inch)": 0.007,
  "载荷": null,
  "RPM": 1796,
  "均值": -0.000881195575229958,
  "标准差": 1.2463087773403707,
  "RMS": 1.2463090888625064,
  "峭度": 3.718054344158693,
  "偏度": 0.07661476685327495,
  "峰值": 6.52853247341551,
  "峰值因子": 5.2382932386171035
}