{
  "相对路径": "48kHz_DE_data\\OR\\Opposite\\0007\\OR007@12_3.mat",
  "文件": "OR007@12_3.mat",
  "通道": "FE",
  "采样率": 48000.0,
  "时长(秒)": 3.0,
  "故障类别": "外圈",
  "外圈方位": "12点位(Opposite)",
  "采样点位": null,
  "尺寸(inch)": 0.007,
  "载荷": null,
  "RPM": 1723,
  "均值": -3.6216237109791776e-05,
  "标准差": 0.1505043977560218,
  "RMS": 0.15050440211342211,
  "峭度": 0.9275954446918968,
  "偏度": 0.018533476117800846,
  "峰值": 0.9703787775760213,
  "峰值因子": 6.447510929578864
}