{
  "相对路径": "48kHz_DE_data\\OR\\Orthogonal\\0007\\OR007@3_0.mat",
  "文件": "OR007@3_0.mat",
  "通道": "FE",
  "采样率": 48000.0,
  "时长(秒)": 2.595875,
  "故障类别": "外圈",
  "外圈方位": "3点位(Orthogonal)",
  "采样点位": null,
  "尺寸(inch)": 0.007,
  "载荷": null,
  "RPM": 1797,
  "均值": 2.4449462926529505e-18,
  "标准差": 0.17488567538092906,
  "RMS": 0.17488567538092906,
  "峭度": 0.10541349632119212,
  "偏度": -0.008822513102410508,
  "峰值": 0.7712426389624565,
  "峰值因子": 4.409981762557547
}