{
  "相对路径": "12kHz_FE_data\\OR\\Opposite\\0007\\OR007@12_2.mat",
  "文件": "OR007@12_2.mat",
  "通道": "BA",
  "采样率": 12000.0,
  "时长(秒)": 3.0,
  "故障类别": "外圈",
  "外圈方位": "12点位(Opposite)",
  "采样点位": null,
  "尺寸(inch)": 0.007,
  "载荷": null,
  "RPM": 1755,
  "均值": -0.0003053338908618186,
  "标准差": 0.15015226013131203,
  "RMS": 0.1501525705784823,
  "峭度": -1.2655857858271786,
  "偏度": -0.053576959479430794,
  "峰值": 0.3558901717642545,
  "峰值因子": 2.370190336356823
}