{
  "相对路径": "48kHz_DE_data\\OR\\Orthogonal\\0007\\OR007@3_1.mat",
  "文件": "OR007@3_1.mat",
  "通道": "FE",
  "采样率": 48000.0,
  "时长(秒)": 3.0,
  "故障类别": "外圈",
  "外圈方位": "3点位(Orthogonal)",
  "采样点位": null,
  "尺寸(inch)": 0.007,
  "载荷": null,
  "RPM": 1773,
  "均值": 5.201283016064487e-05,
  "标准差": 0.1981999748115642,
  "RMS": 0.19819998163632407,
  "峭度": 0.30714948446385915,
  "偏度": 0.059569465966905,
  "峰值": 1.0492974017695547,
  "峰值因子": 5.294134707312455
}