{
  "相对路径": "12kHz_FE_data\\OR\\Opposite\\0007\\OR007@12_0.mat",
  "文件": "OR007@12_0.mat",
  "通道": "BA",
  "采样率": 12000.0,
  "时长(秒)": 3.0,
  "故障类别": "外圈",
  "外圈方位": "12点位(Opposite)",
  "采样点位": null,
  "尺寸(inch)": 0.007,
  "载荷": null,
  "RPM": 1797,
  "均值": -0.000398933129283152,
  "标准差": 0.08547939042799416,
  "RMS": 0.08548032133528219,
  "峭度": -0.3102072078049072,
  "偏度": 0.0011694181597101362,
  "峰值": 0.28311851059969806,
  "峰值因子": 3.312089919377038
}