{
  "相对路径": "48kHz_DE_data\\OR\\Centered\\0007\\OR007@6_3.mat",
  "文件": "OR007@6_3.mat",
  "通道": "DE",
  "采样率": 48000.0,
  "时长(秒)": 3.0,
  "故障类别": "外圈",
  "外圈方位": "6点位(Centered)",
  "采样点位": null,
  "尺寸(inch)": 0.007,
  "载荷": null,
  "RPM": 1725,
  "均值": -0.0002137557021112996,
  "标准差": 0.9973657378537703,
  "RMS": 0.9973657607598607,
  "峭度": 4.394692810245372,
  "偏度": 0.08186755562976505,
  "峰值": 5.262557636850259,
  "峰值因子": 5.276457087158162
}