{
  "相对路径": "48kHz_DE_data\\OR\\Opposite\\0007\\OR007@12_1.mat",
  "文件": "OR007@12_1.mat",
  "通道": "FE",
  "采样率": 48000.0,
  "时长(秒)": 3.0,
  "故障类别": "外圈",
  "外圈方位": "12点位(Opposite)",
  "采样点位": null,
  "尺寸(inch)": 0.007,
  "载荷": null,
  "RPM": 1772,
  "均值": 0.0009912804430975983,
  "标准差": 0.1675969932512267,
  "RMS": 0.16759992477256247,
  "峭度": 2.34564097004945,
  "偏度": 0.01987139339374394,
  "峰值": 1.2757527040794612,
  "峰值因子": 7.611893059085148
}