{
  "相对路径": "12kHz_FE_data\\OR\\Centered\\0007\\OR007@6_0.mat",
  "文件": "OR007@6_0.mat",
  "通道": "BA",
  "采样率": 12000.0,
  "时长(秒)": 3.0,
  "故障类别": "外圈",
  "外圈方位": "6点位(Centered)",
  "采样点位": null,
  "尺寸(inch)": 0.007,
  "载荷": null,
  "RPM": 1797,
  "均值": -3.7935045509563574e-05,
  "标准差": 0.08297982681201035,
  "RMS": 0.08297983548319983,
  "峭度": -0.14095242765416272,
  "偏度": 0.012355963573047742,
  "峰值": 0.338598703710198,
  "峰值因子": 4.080493793926007
}