{
  "相对路径": "48kHz_DE_data\\OR\\Centered\\0007\\OR007@6_1.mat",
  "文件": "OR007@6_1.mat",
  "通道": "DE",
  "采样率": 48000.0,
  "时长(秒)": 3.0,
  "故障类别": "外圈",
  "外圈方位": "6点位(Centered)",
  "采样点位": null,
  "尺寸(inch)": 0.007,
  "载荷": null,
  "RPM": 1774,
  "均值": -0.00111094408945672,
  "标准差": 1.0592384742506242,
  "RMS": 1.0592390568372938,
  "峭度": 3.8882230226014443,
  "偏度": 0.07330208777828627,
  "峰值": 5.264650830401284,
  "峰值因子": 4.9702197029258235
}