{
  "相对路径": "48kHz_DE_data\\OR\\Orthogonal\\0007\\OR007@3_2.mat",
  "文件": "OR007@3_2.mat",
  "通道": "DE",
  "采样率": 48000.0,
  "时长(秒)": 3.0,
  "故障类别": "外圈",
  "外圈方位": "3点位(Orthogonal)",
  "采样点位": null,
  "尺寸(inch)": 0.007,
  "载荷": null,
  "RPM": 1750,
  "均值": 0.00040944097230713927,
  "标准差": 0.4456246554835388,
  "RMS": 0.4456248435811591,
  "峭度": 1.3393287089669617,
  "偏度": 0.06166578965977796,
  "峰值": 2.050125052151794,
  "峰值因子": 4.600562741691973
}