{
  "相对路径": "12kHz_FE_data\\OR\\Opposite\\0007\\OR007@12_3.mat",
  "文件": "OR007@12_3.mat",
  "通道": "BA",
  "采样率": 12000.0,
  "时长(秒)": 3.0,
  "故障类别": "外圈",
  "外圈方位": "12点位(Opposite)",
  "采样点位": null,
  "尺寸(inch)": 0.007,
  "载荷": null,
  "RPM": 1733,
  "均值": 4.573132103050548e-06,
  "标准差": 0.17996649722137636,
  "RMS": 0.17996649727948033,
  "峭度": -1.261331902002717,
  "偏度": -0.03125387138079408,
  "峰值": 0.4225658980777015,
  "峰值因子": 2.348025351749079
}