{
  "相对路径": "48kHz_DE_data\\OR\\Orthogonal\\0007\\OR007@3_2.mat",
  "文件": "OR007@3_2.mat",
  "通道": "FE",
  "采样率": 48000.0,
  "时长(秒)": 3.0,
  "故障类别": "外圈",
  "外圈方位": "3点位(Orthogonal)",
  "采样点位": null,
  "尺寸(inch)": 0.007,
  "载荷": null,
  "RPM": 1750,
  "均值": 0.0005713693447871954,
  "标准差": 0.19574747595446668,
  "RMS": 0.195748309840654,
  "峭度": 0.29251278488884624,
  "偏度": 0.09526314604174375,
  "峰值": 0.9639764552412519,
  "峰值因子": 4.924571027080451
}