{
  "相对路径": "48kHz_DE_data\\OR\\Opposite\\0007\\OR007@12_0.mat",
  "文件": "OR007@12_0.mat",
  "通道": "DE",
  "采样率": 48000.0,
  "时长(秒)": 2.7076875,
  "故障类别": "外圈",
  "外圈方位": "12点位(Opposite)",
  "采样点位": null,
  "尺寸(inch)": 0.007,
  "载荷": null,
  "RPM": 1796,
  "均值": 9.403269283501237e-18,
  "标准差": 0.21087566058012194,
  "RMS": 0.21087566058012194,
  "峭度": 2.4940217359349663,
  "偏度": 0.02572711976891588,
  "峰值": 1.392106129080485,
  "峰值因子": 6.6015495825871096
}