{
  "相对路径": "48kHz_DE_data\\OR\\Opposite\\0007\\OR007@12_1.mat",
  "文件": "OR007@12_1.mat",
  "通道": "DE",
  "采样率": 48000.0,
  "时长(秒)": 3.0,
  "故障类别": "外圈",
  "外圈方位": "12点位(Opposite)",
  "采样点位": null,
  "尺寸(inch)": 0.007,
  "载荷": null,
  "RPM": 1772,
  "均值": -0.00027599506259244004,
  "标准差": 0.26641343903024134,
  "RMS": 0.2664135819908487,
  "峭度": 7.766764692766829,
  "偏度": 0.022089779563870947,
  "峰值": 2.241903988963048,
  "峰值因子": 8.415126481952626
}