{
  "相对路径": "48kHz_DE_data\\OR\\Orthogonal\\0007\\OR007@3_1.mat",
  "文件": "OR007@3_1.mat",
  "通道": "DE",
  "采样率": 48000.0,
  "时长(秒)": 3.0,
  "故障类别": "外圈",
  "外圈方位": "3点位(Orthogonal)",
  "采样点位": null,
  "尺寸(inch)": 0.007,
  "载荷": null,
  "RPM": 1773,
  "均值": -0.0006119217921473531,
  "标准差": 0.4556989052213974,
  "RMS": 0.455699316071749,
  "峭度": 1.0880393669350914,
  "偏度": 0.05510130487188492,
  "峰值": 2.169287179066827,
  "峰值因子": 4.760347673476158
}