{
  "相对路径": "12kHz_FE_data\\OR\\Orthogonal\\0007\\OR007@3_3.mat",
  "文件": "OR007@3_3.mat",
  "通道": "BA",
  "采样率": 12000.0,
  "时长(秒)": 3.0,
  "故障类别": "外圈",
  "外圈方位": "3点位(Orthogonal)",
  "采样点位": null,
  "尺寸(inch)": 0.007,
  "载荷": null,
  "RPM": 1733,
  "均值": -0.000481101131729372,
  "标准差": 0.1663836669342621,
  "RMS": 0.16638436248875796,
  "峭度": -1.2643058928536823,
  "偏度": -0.0338366544313787,
  "峰值": 0.3752463891139252,
  "峰值因子": 2.255298415674606
}