{
  "相对路径": "12kHz_FE_data\\OR\\Orthogonal\\0007\\OR007@3_1.mat",
  "文件": "OR007@3_1.mat",
  "通道": "BA",
  "采样率": 12000.0,
  "时长(秒)": 3.0,
  "故障类别": "外圈",
  "外圈方位": "3点位(Orthogonal)",
  "采样点位": null,
  "尺寸(inch)": 0.007,
  "载荷": null,
  "RPM": 1776,
  "均值": -0.00018567643934546484,
  "标准差": 0.11378334998924762,
  "RMS": 0.11378350148644463,
  "峭度": -1.1011967003296224,
  "偏度": -0.11224021563395851,
  "峰值": 0.2882188304156066,
  "峰值因子": 2.533045886709181
}