{
  "相对路径": "12kHz_FE_data\\OR\\Orthogonal\\0007\\OR007@3_2.mat",
  "文件": "OR007@3_2.mat",
  "通道": "BA",
  "采样率": 12000.0,
  "时长(秒)": 3.0,
  "故障类别": "外圈",
  "外圈方位": "3点位(Orthogonal)",
  "采样点位": null,
  "尺寸(inch)": 0.007,
  "载荷": null,
  "RPM": 1755,
  "均值": 0.0005241504855892683,
  "标准差": 0.14145551656763808,
  "RMS": 0.14145648766015953,
  "峭度": -1.2308106584435854,
  "偏度": -0.05505897807716074,
  "峰值": 0.3364911950831546,
  "峰值因子": 2.3787611346010085
}