{
  "相对路径": "12kHz_FE_data\\OR\\Centered\\0007\\OR007@6_2.mat",
  "文件": "OR007@6_2.mat",
  "通道": "BA",
  "采样率": 12000.0,
  "时长(秒)": 3.0,
  "故障类别": "外圈",
  "外圈方位": "6点位(Centered)",
  "采样点位": null,
  "尺寸(inch)": 0.007,
  "载荷": null,
  "RPM": 1756,
  "均值": -2.162359672808361e-06,
  "标准差": 0.1280093412676049,
  "RMS": 0.1280093412858684,
  "峭度": -1.100472861843319,
  "偏度": -0.06787915803250122,
  "峰值": 0.35591034341803096,
  "峰值因子": 2.780346651602696
}