{
  "相对路径": "48kHz_DE_data\\OR\\Centered\\0014\\OR014@6_3.mat",
  "文件": "OR014@6_3.mat",
  "通道": "DE",
  "采样率": 48000.0,
  "时长(秒)": 3.0,
  "故障类别": "外圈",
  "外圈方位": "6点位(Centered)",
  "采样点位": null,
  "尺寸(inch)": 0.014,
  "载荷": null,
  "RPM": 1723,
  "均值": -0.0006710784032070901,
  "标准差": 0.15269207172019092,
  "RMS": 0.1526935464007146,
  "峭度": 0.024375674760022115,
  "偏度": 0.009551047220324932,
  "峰值": 0.6858107407121775,
  "峰值因子": 4.491419296218323
}