{
  "相对路径": "48kHz_DE_data\\OR\\Centered\\0014\\OR014@6_2.mat",
  "文件": "OR014@6_2.mat",
  "通道": "FE",
  "采样率": 48000.0,
  "时长(秒)": 3.0,
  "故障类别": "外圈",
  "外圈方位": "6点位(Centered)",
  "采样点位": null,
  "尺寸(inch)": 0.014,
  "载荷": null,
  "RPM": 1749,
  "均值": 0.0001097286176176813,
  "标准差": 0.09149770429801558,
  "RMS": 0.09149777009401172,
  "峭度": -0.05240853097189113,
  "偏度": -0.024603903655749323,
  "峰值": 0.4354984190090318,
  "峰值因子": 4.759661558544736
}