{
  "相对路径": "12kHz_FE_data\\OR\\Orthogonal\\0014\\OR014@3_2.mat",
  "文件": "OR014@3_2.mat",
  "通道": "DE",
  "采样率": 12000.0,
  "时长(秒)": 3.0,
  "故障类别": "外圈",
  "外圈方位": "3点位(Orthogonal)",
  "采样点位": null,
  "尺寸(inch)": 0.014,
  "载荷": null,
  "RPM": 1752,
  "均值": 8.607819776853686e-05,
  "标准差": 0.22344255518021497,
  "RMS": 0.22344257176044036,
  "峭度": 1.8815557602751776,
  "偏度": 0.010392159462700216,
  "峰值": 1.0639861705386424,
  "峰值因子": 4.761788061047627
}