{
  "相对路径": "12kHz_FE_data\\OR\\Centered\\0014\\OR014@6_0.mat",
  "文件": "OR014@6_0.mat",
  "通道": "BA",
  "采样率": 12000.0,
  "时长(秒)": 3.0,
  "故障类别": "外圈",
  "外圈方位": "6点位(Centered)",
  "采样点位": null,
  "尺寸(inch)": 0.014,
  "载荷": null,
  "RPM": 1797,
  "均值": -5.986059288904731e-05,
  "标准差": 0.12672806247782364,
  "RMS": 0.1267280766155383,
  "峭度": -0.6342417415190291,
  "偏度": 0.024120010318438218,
  "峰值": 0.432294748931168,
  "峰值因子": 3.4111994790439653
}