{
  "相对路径": "12kHz_FE_data\\OR\\Orthogonal\\0014\\OR014@3_0.mat",
  "文件": "OR014@3_0.mat",
  "通道": "FE",
  "采样率": 12000.0,
  "时长(秒)": 3.0,
  "故障类别": "外圈",
  "外圈方位": "3点位(Orthogonal)",
  "采样点位": null,
  "尺寸(inch)": 0.014,
  "载荷": null,
  "RPM": 1796,
  "均值": 0.00017411588320747295,
  "标准差": 0.42686407516663677,
  "RMS": 0.4268641106771673,
  "峭度": 7.164260295336431,
  "偏度": 0.07339620544609858,
  "峰值": 3.1412079191660363,
  "峰值因子": 7.358800706348672
}