{
  "相对路径": "12kHz_FE_data\\OR\\Orthogonal\\0014\\OR014@3_2.mat",
  "文件": "OR014@3_2.mat",
  "通道": "BA",
  "采样率": 12000.0,
  "时长(秒)": 3.0,
  "故障类别": "外圈",
  "外圈方位": "3点位(Orthogonal)",
  "采样点位": null,
  "尺寸(inch)": 0.014,
  "载荷": null,
  "RPM": 1752,
  "均值": 0.0007552326127573803,
  "标准差": 0.19831415825756918,
  "RMS": 0.1983155963148324,
  "峭度": -1.2899154233058825,
  "偏度": -0.017221086903527572,
  "峰值": 0.5022844911458975,
  "峰值因子": 2.532753351120729
}