{
  "相对路径": "12kHz_DE_data\\OR\\Centered\\0014\\OR014@6_1.mat",
  "文件": "OR014@6_1.mat",
  "通道": "BA",
  "采样率": 12000.0,
  "时长(秒)": 3.0,
  "故障类别": "外圈",
  "外圈方位": "6点位(Centered)",
  "采样点位": null,
  "尺寸(inch)": 0.014,
  "载荷": null,
  "RPM": 1772,
  "均值": 0.0005392324079690134,
  "标准差": 0.03106781626860607,
  "RMS": 0.031072495543320432,
  "峭度": -0.09008450311299177,
  "偏度": 0.05325262931049297,
  "峰值": 0.12994846872844382,
  "峰值因子": 4.1821059575750255
}