{
  "相对路径": "12kHz_FE_data\\OR\\Orthogonal\\0014\\OR014@3_0.mat",
  "文件": "OR014@3_0.mat",
  "通道": "DE",
  "采样率": 12000.0,
  "时长(秒)": 3.0,
  "故障类别": "外圈",
  "外圈方位": "3点位(Orthogonal)",
  "采样点位": null,
  "尺寸(inch)": 0.014,
  "载荷": null,
  "RPM": 1796,
  "均值": 0.0002345021318109408,
  "标准差": 0.19825066906734765,
  "RMS": 0.1982508077585078,
  "峭度": 3.449835504605586,
  "偏度": -0.0008249564814557336,
  "峰值": 1.1894380237541946,
  "峰值因子": 5.999662938085308
}