{
  "相对路径": "12kHz_DE_data\\OR\\Centered\\0014\\OR014@6_3.mat",
  "文件": "OR014@6_3.mat",
  "通道": "BA",
  "采样率": 12000.0,
  "时长(秒)": 3.0,
  "故障类别": "外圈",
  "外圈方位": "6点位(Centered)",
  "采样点位": null,
  "尺寸(inch)": 0.014,
  "载荷": null,
  "RPM": 1723,
  "均值": -0.00017247619028332145,
  "标准差": 0.037155578366194514,
  "RMS": 0.03715597868126524,
  "峭度": -0.12973189404071617,
  "偏度": -0.05820428028418461,
  "峰值": 0.14696827364824575,
  "峰值因子": 3.9554407894616967
}