{
  "相对路径": "12kHz_FE_data\\OR\\Orthogonal\\0014\\OR014@3_1.mat",
  "文件": "OR014@3_1.mat",
  "通道": "FE",
  "采样率": 12000.0,
  "时长(秒)": 3.0,
  "故障类别": "外圈",
  "外圈方位": "3点位(Orthogonal)",
  "采样点位": null,
  "尺寸(inch)": 0.014,
  "载荷": null,
  "RPM": 1774,
  "均值": 0.006387063095238096,
  "标准差": 0.2852413852761004,
  "RMS": 0.2853128851790807,
  "峭度": 3.54980352244974,
  "偏度": 0.04226773152564848,
  "峰值": 2.079214285714286,
  "峰值因子": 7.287488205831424
}