{
  "相对路径": "12kHz_FE_data\\OR\\Orthogonal\\0014\\OR014@3_3.mat",
  "文件": "OR014@3_3.mat",
  "通道": "FE",
  "采样率": 12000.0,
  "时长(秒)": 3.0,
  "故障类别": "外圈",
  "外圈方位": "3点位(Orthogonal)",
  "采样点位": null,
  "尺寸(inch)": 0.014,
  "载荷": null,
  "RPM": 1728,
  "均值": 0.0001598401609686582,
  "标准差": 0.7353140442312514,
  "RMS": 0.7353140616040168,
  "峭度": 5.500965255954842,
  "偏度": 0.09699565261070132,
  "峰值": 4.381076422051301,
  "峰值因子": 5.958102327724299
}