{
  "相对路径": "12kHz_FE_data\\OR\\Orthogonal\\0014\\OR014@3_3.mat",
  "文件": "OR014@3_3.mat",
  "通道": "BA",
  "采样率": 12000.0,
  "时长(秒)": 3.0,
  "故障类别": "外圈",
  "外圈方位": "3点位(Orthogonal)",
  "采样点位": null,
  "尺寸(inch)": 0.014,
  "载荷": null,
  "RPM": 1728,
  "均值": 0.0002143259108622889,
  "标准差": 0.2335006137560174,
  "RMS": 0.2335007121188989,
  "峭度": -1.2893139756937786,
  "偏度": -0.01217102244491426,
  "峰值": 0.6316578423779607,
  "峰值因子": 2.705164522394774
}