{
  "相对路径": "48kHz_DE_data\\OR\\Centered\\0014\\OR014@6_0.mat",
  "文件": "OR014@6_0.mat",
  "通道": "FE",
  "采样率": 48000.0,
  "时长(秒)": 3.0,
  "故障类别": "外圈",
  "外圈方位": "6点位(Centered)",
  "采样点位": null,
  "尺寸(inch)": 0.014,
  "载荷": null,
  "RPM": 1796,
  "均值": 0.0015472101368616117,
  "标准差": 0.14546790937225026,
  "RMS": 0.14547613727460879,
  "峭度": 1.4709170700375447,
  "偏度": -0.02282228550959194,
  "峰值": 1.098876280604033,
  "峰值因子": 7.553653136457243
}