{
  "相对路径": "48kHz_DE_data\\OR\\Centered\\0014\\OR014@6_0.mat",
  "文件": "OR014@6_0.mat",
  "通道": "DE",
  "采样率": 48000.0,
  "时长(秒)": 3.0,
  "故障类别": "外圈",
  "外圈方位": "6点位(Centered)",
  "采样点位": null,
  "尺寸(inch)": 0.014,
  "载荷": null,
  "RPM": 1796,
  "均值": 0.03617297661332613,
  "标准差": 0.14797611326347238,
  "RMS": 0.15233323450131372,
  "峭度": 1.3983344873371504,
  "偏度": -0.06811998842442364,
  "峰值": 1.115782069536403,
  "峰值因子": 7.324613523694203
}