{
  "相对路径": "48kHz_DE_data\\OR\\Centered\\0014\\OR014@6_2.mat",
  "文件": "OR014@6_2.mat",
  "通道": "DE",
  "采样率": 48000.0,
  "时长(秒)": 3.0,
  "故障类别": "外圈",
  "外圈方位": "6点位(Centered)",
  "采样点位": null,
  "尺寸(inch)": 0.014,
  "载荷": null,
  "RPM": 1749,
  "均值": 0.00025998505992429313,
  "标准差": 0.1566884529331777,
  "RMS": 0.15668866862292255,
  "峭度": 7.415168212721063,
  "偏度": -0.013737755787438383,
  "峰值": 1.8891098277265908,
  "峰值因子": 12.05645465194939
}