{
  "相对路径": "48kHz_DE_data\\OR\\Orthogonal\\0021\\OR021@3_2.mat",
  "文件": "OR021@3_2.mat",
  "通道": "DE",
  "采样率": 48000.0,
  "时长(秒)": 3.0,
  "故障类别": "外圈",
  "外圈方位": "3点位(Orthogonal)",
  "采样点位": null,
  "尺寸(inch)": 0.021,
  "载荷": null,
  "RPM": 1746,
  "均值": 0.0005103487384856309,
  "标准差": 0.7192373987738959,
  "RMS": 0.7192375798377578,
  "峭度": 4.238338434366968,
  "偏度": 0.060920206371923906,
  "峰值": 4.775233119391144,
  "峰值因子": 6.639298686907209
}