{
  "相对路径": "48kHz_DE_data\\OR\\Opposite\\0021\\OR021@12_1.mat",
  "文件": "OR021@12_1.mat",
  "通道": "FE",
  "采样率": 48000.0,
  "时长(秒)": 3.0,
  "故障类别": "外圈",
  "外圈方位": "12点位(Opposite)",
  "采样点位": null,
  "尺寸(inch)": 0.021,
  "载荷": null,
  "RPM": 1771,
  "均值": -0.00029211756888000706,
  "标准差": 0.1349803626223332,
  "RMS": 0.13498067871488356,
  "峭度": 6.134373978233668,
  "偏度": 0.10579406510688151,
  "峰值": 1.107960511660918,
  "峰值因子": 8.208289676785789
}