{
  "相对路径": "12kHz_FE_data\\OR\\Centered\\0021\\OR021@6_0.mat",
  "文件": "OR021@6_0.mat",
  "通道": "BA",
  "采样率": 12000.0,
  "时长(秒)": 3.0,
  "故障类别": "外圈",
  "外圈方位": "6点位(Centered)",
  "采样点位": null,
  "尺寸(inch)": 0.021,
  "载荷": null,
  "RPM": 1797,
  "均值": 0.0013394425623836,
  "标准差": 0.1102618798494723,
  "RMS": 0.1102700152095636,
  "峭度": 0.3845371050904127,
  "偏度": -0.020712883947881445,
  "峰值": 0.4929874384872106,
  "峰值因子": 4.470729758677447
}