{
  "相对路径": "48kHz_DE_data\\OR\\Orthogonal\\0021\\OR021@3_3.mat",
  "文件": "OR021@3_3.mat",
  "通道": "DE",
  "采样率": 48000.0,
  "时长(秒)": 3.0,
  "故障类别": "外圈",
  "外圈方位": "3点位(Orthogonal)",
  "采样点位": null,
  "尺寸(inch)": 0.021,
  "载荷": null,
  "RPM": 1719,
  "均值": -0.0005419407917823208,
  "标准差": 0.6738732880323139,
  "RMS": 0.6738735059514535,
  "峭度": 4.551508581481254,
  "偏度": -0.09919814653603738,
  "峰值": 4.8690660919399305,
  "峰值因子": 7.225489723127211
}