{
  "相对路径": "48kHz_DE_data\\OR\\Centered\\0021\\OR021@6_1.mat",
  "文件": "OR021@6_1.mat",
  "通道": "DE",
  "采样率": 48000.0,
  "时长(秒)": 3.0,
  "故障类别": "外圈",
  "外圈方位": "6点位(Centered)",
  "采样点位": null,
  "尺寸(inch)": 0.021,
  "载荷": null,
  "RPM": 1771,
  "均值": -0.00010668832126529129,
  "标准差": 0.6228715136081358,
  "RMS": 0.6228715227451709,
  "峭度": 17.86622994573536,
  "偏度": -0.3251697135659939,
  "峰值": 6.653575043456511,
  "峰值因子": 10.682098635898981
}