{
  "相对路径": "48kHz_DE_data\\OR\\Opposite\\0021\\OR021@12_3.mat",
  "文件": "OR021@12_3.mat",
  "通道": "DE",
  "采样率": 48000.0,
  "时长(秒)": 3.0,
  "故障类别": "外圈",
  "外圈方位": "12点位(Opposite)",
  "采样点位": null,
  "尺寸(inch)": 0.021,
  "载荷": null,
  "RPM": 1718,
  "均值": -0.000245624980631383,
  "标准差": 0.4234478515558128,
  "RMS": 0.4234479227943677,
  "峭度": 18.647795656659984,
  "偏度": 0.15313426231185645,
  "峰值": 4.103376315832484,
  "峰值因子": 9.690391887517041
}