{
  "相对路径": "12kHz_DE_data\\OR\\Orthogonal\\0021\\OR021@3_0.mat",
  "文件": "OR021@3_0.mat",
  "通道": "BA",
  "采样率": 12000.0,
  "时长(秒)": 3.0,
  "故障类别": "外圈",
  "外圈方位": "3点位(Orthogonal)",
  "采样点位": null,
  "尺寸(inch)": 0.021,
  "载荷": null,
  "RPM": 1796,
  "均值": -0.00014618784271947896,
  "标准差": 0.1421714464591021,
  "RMS": 0.1421715216179341,
  "峭度": 1.305948723771329,
  "偏度": -0.04028054437993819,
  "峰值": 0.7157901444571827,
  "峰值因子": 5.03469426444466
}