{
  "相对路径": "12kHz_DE_data\\OR\\Opposite\\0021\\OR021@12_3.mat",
  "文件": "OR021@12_3.mat",
  "通道": "BA",
  "采样率": 12000.0,
  "时长(秒)": 3.0,
  "故障类别": "外圈",
  "外圈方位": "12点位(Opposite)",
  "采样点位": null,
  "尺寸(inch)": 0.021,
  "载荷": null,
  "RPM": 1718,
  "均值": 0.0003368020141397288,
  "标准差": 0.06326926360313112,
  "RMS": 0.06327016004783946,
  "峭度": 3.0786406741727053,
  "偏度": -0.3636999943148522,
  "峰值": 0.43121251051800674,
  "峰值因子": 6.815416780864169
}