{
  "相对路径": "12kHz_DE_data\\OR\\Opposite\\0021\\OR021@12_1.mat",
  "文件": "OR021@12_1.mat",
  "通道": "BA",
  "采样率": 12000.0,
  "时长(秒)": 3.0,
  "故障类别": "外圈",
  "外圈方位": "12点位(Opposite)",
  "采样点位": null,
  "尺寸(inch)": 0.021,
  "载荷": null,
  "RPM": 1771,
  "均值": 9.076492231670745e-05,
  "标准差": 0.058224552676390755,
  "RMS": 0.058224623422027603,
  "峭度": 4.832819604665263,
  "偏度": -0.5099668072539142,
  "峰值": 0.44580778722407305,
  "峰值因子": 7.656688202047084
}