{
  "相对路径": "48kHz_DE_data\\OR\\Opposite\\0021\\OR021@12_2.mat",
  "文件": "OR021@12_2.mat",
  "通道": "DE",
  "采样率": 48000.0,
  "时长(秒)": 3.0,
  "故障类别": "外圈",
  "外圈方位": "12点位(Opposite)",
  "采样点位": null,
  "尺寸(inch)": 0.021,
  "载荷": null,
  "RPM": 1746,
  "均值": 0.00034184544733542035,
  "标准差": 0.48015909883424746,
  "RMS": 0.4801592205213043,
  "峭度": 19.910610415280622,
  "偏度": 0.16842774111670006,
  "峰值": 5.1822476537251125,
  "峰值因子": 10.792769215384006
}