{
  "相对路径": "12kHz_DE_data\\OR\\Centered\\0021\\OR021@6_1.mat",
  "文件": "OR021@6_1.mat",
  "通道": "BA",
  "采样率": 12000.0,
  "时长(秒)": 3.0,
  "故障类别": "外圈",
  "外圈方位": "6点位(Centered)",
  "采样点位": null,
  "尺寸(inch)": 0.021,
  "载荷": null,
  "RPM": 1771,
  "均值": 3.480265763436808e-05,
  "标准差": 0.09093243960949211,
  "RMS": 0.09093244626951871,
  "峭度": 8.013485962678347,
  "偏度": 0.6184848390057658,
  "峰值": 0.739509171477285,
  "峰值因子": 8.13251157112194
}