{
  "相对路径": "12kHz_DE_data\\OR\\Centered\\0021\\OR021@6_2.mat",
  "文件": "OR021@6_2.mat",
  "通道": "BA",
  "采样率": 12000.0,
  "时长(秒)": 3.0,
  "故障类别": "外圈",
  "外圈方位": "6点位(Centered)",
  "采样点位": null,
  "尺寸(inch)": 0.021,
  "载荷": null,
  "RPM": 1748,
  "均值": -0.00033244536335180926,
  "标准差": 0.08982404565612014,
  "RMS": 0.08982466085631699,
  "峭度": 8.47942081502403,
  "偏度": 0.6737192779373102,
  "峰值": 0.7583725925452097,
  "峰值因子": 8.442810530153832
}