{
  "相对路径": "48kHz_DE_data\\OR\\Opposite\\0021\\OR021@12_3.mat",
  "文件": "OR021@12_3.mat",
  "通道": "FE",
  "采样率": 48000.0,
  "时长(秒)": 3.0,
  "故障类别": "外圈",
  "外圈方位": "12点位(Opposite)",
  "采样点位": null,
  "尺寸(inch)": 0.021,
  "载荷": null,
  "RPM": 1718,
  "均值": 0.0013721515789958084,
  "标准差": 0.1411553219866209,
  "RMS": 0.14116199107798943,
  "峭度": 3.583477463414212,
  "偏度": 0.0035430145380388016,
  "峰值": 1.2360567101508022,
  "峰值因子": 8.756299771004954
}