{
  "相对路径": "12kHz_DE_data\\OR\\Centered\\0021\\OR021@6_3.mat",
  "文件": "OR021@6_3.mat",
  "通道": "BA",
  "采样率": 12000.0,
  "时长(秒)": 3.0,
  "故障类别": "外圈",
  "外圈方位": "6点位(Centered)",
  "采样点位": null,
  "尺寸(inch)": 0.021,
  "载荷": null,
  "RPM": 1721,
  "均值": -0.00038101530537852115,
  "标准差": 0.09399370126318873,
  "RMS": 0.09399447350677856,
  "峭度": 6.866932051886952,
  "偏度": 0.654394477947471,
  "峰值": 0.8562615411464294,
  "峰值因子": 9.109700913263573
}