{
  "相对路径": "48kHz_DE_data\\OR\\Opposite\\0021\\OR021@12_0.mat",
  "文件": "OR021@12_0.mat",
  "通道": "FE",
  "采样率": 48000.0,
  "时长(秒)": 2.7197708333333335,
  "故障类别": "外圈",
  "外圈方位": "12点位(Opposite)",
  "采样点位": null,
  "尺寸(inch)": 0.021,
  "载荷": null,
  "RPM": 1796,
  "均值": 9.11656988868676e-18,
  "标准差": 0.13995872873932003,
  "RMS": 0.13995872873932003,
  "峭度": 6.351068003679623,
  "偏度": 0.15360681539652574,
  "峰值": 1.3290049418713559,
  "峰值因子": 9.495691721712424
}