{
  "相对路径": "48kHz_DE_data\\OR\\Centered\\0021\\OR021@6_0.mat",
  "文件": "OR021@6_0.mat",
  "通道": "FE",
  "采样率": 48000.0,
  "时长(秒)": 3.0,
  "故障类别": "外圈",
  "外圈方位": "6点位(Centered)",
  "采样点位": null,
  "尺寸(inch)": 0.021,
  "载荷": null,
  "RPM": 1796,
  "均值": 0.0011353377545060168,
  "标准差": 0.6545785760846191,
  "RMS": 0.6545795606805824,
  "峭度": 18.10160216167034,
  "偏度": -0.18685092570122228,
  "峰值": 7.560497929541824,
  "峰值因子": 11.550158886233765
}