{
  "相对路径": "48kHz_DE_data\\OR\\Orthogonal\\0021\\OR021@3_0.mat",
  "文件": "OR021@3_0.mat",
  "通道": "FE",
  "采样率": 48000.0,
  "时长(秒)": 2.6804791666666667,
  "故障类别": "外圈",
  "外圈方位": "3点位(Orthogonal)",
  "采样点位": null,
  "尺寸(inch)": 0.021,
  "载荷": null,
  "RPM": 1796,
  "均值": 1.6567530737510399e-18,
  "标准差": 0.2286062111603134,
  "RMS": 0.2286062111603134,
  "峭度": 1.53294047332228,
  "偏度": 0.026678344369105052,
  "峰值": 1.3159157353785478,
  "峰值因子": 5.756255390872748
}