{
  "相对路径": "48kHz_DE_data\\OR\\Opposite\\0021\\OR021@12_1.mat",
  "文件": "OR021@12_1.mat",
  "通道": "DE",
  "采样率": 48000.0,
  "时长(秒)": 3.0,
  "故障类别": "外圈",
  "外圈方位": "12点位(Opposite)",
  "采样点位": null,
  "尺寸(inch)": 0.021,
  "载荷": null,
  "RPM": 1771,
  "均值": -0.0015011988303656357,
  "标准差": 0.5396596468373406,
  "RMS": 0.5396617348140699,
  "峭度": 19.88637353423129,
  "偏度": 0.15354947652426684,
  "峰值": 5.045721984632598,
  "峰值因子": 9.349786466463117
}