{
  "相对路径": "12kHz_DE_data\\OR\\Opposite\\0021\\OR021@12_2.mat",
  "文件": "OR021@12_2.mat",
  "通道": "BA",
  "采样率": 12000.0,
  "时长(秒)": 3.0,
  "故障类别": "外圈",
  "外圈方位": "12点位(Opposite)",
  "采样点位": null,
  "尺寸(inch)": 0.021,
  "载荷": null,
  "RPM": 1746,
  "均值": -0.0002458885384541983,
  "标准差": 0.05909405392504328,
  "RMS": 0.059094565490146946,
  "峭度": 4.52427859798905,
  "偏度": -0.4682124866164663,
  "峰值": 0.42451355819226233,
  "峰值因子": 7.183631094860035
}