{
  "相对路径": "48kHz_DE_data\\OR\\Centered\\0021\\OR021@6_3.mat",
  "文件": "OR021@6_3.mat",
  "通道": "FE",
  "采样率": 48000.0,
  "时长(秒)": 3.0,
  "故障类别": "外圈",
  "外圈方位": "6点位(Centered)",
  "采样点位": null,
  "尺寸(inch)": 0.021,
  "载荷": null,
  "RPM": 1719,
  "均值": -0.0010270800696308782,
  "标准差": 0.2390167348135526,
  "RMS": 0.23901894153895323,
  "峭度": 11.354532050247016,
  "偏度": 0.16878141027091995,
  "峰值": 2.7649084793825294,
  "峰值因子": 11.567737944032057
}