{
  "相对路径": "48kHz_DE_data\\OR\\Centered\\0021\\OR021@6_3.mat",
  "文件": "OR021@6_3.mat",
  "通道": "DE",
  "采样率": 48000.0,
  "时长(秒)": 3.0,
  "故障类别": "外圈",
  "外圈方位": "6点位(Centered)",
  "采样点位": null,
  "尺寸(inch)": 0.021,
  "载荷": null,
  "RPM": 1719,
  "均值": 0.000865762202425912,
  "标准差": 0.5786867724071316,
  "RMS": 0.5786874200318981,
  "峭度": 16.790129869531782,
  "偏度": -0.2751143475361888,
  "峰值": 6.630612146332055,
  "峰值因子": 11.458020196752447
}