{
  "相对路径": "48kHz_DE_data\\B\\0007\\B007_2.mat",
  "文件": "B007_2.mat",
  "通道": "DE",
  "采样率": 48000.0,
  "时长(秒)": 3.0,
  "故障类别": "滚动体",
  "外圈方位": null,
  "采样点位": null,
  "尺寸(inch)": 0.007,
  "载荷": 2,
  "RPM": 1747,
  "均值": -0.0002132393490464974,
  "标准差": 0.13861369644985425,
  "RMS": 0.1386138604704173,
  "峭度": 0.0692118809084743,
  "偏度": 0.006289361240983366,
  "峰值": 0.6188696558817226,
  "峰值因子": 4.464702546927481
}