{
  "相对路径": "12kHz_FE_data\\B\\0007\\B007_2.mat",
  "文件": "B007_2.mat",
  "通道": "BA",
  "采样率": 12000.0,
  "时长(秒)": 3.0,
  "故障类别": "滚动体",
  "外圈方位": null,
  "采样点位": null,
  "尺寸(inch)": 0.007,
  "载荷": 2,
  "RPM": 1755,
  "均值": 0.00012734971541495383,
  "标准差": 0.1999758376628459,
  "RMS": 0.19997587821261573,
  "峭度": -1.3157623869286126,
  "偏度": -0.019501128670265763,
  "峰值": 0.4490535313495373,
  "峰值因子": 2.2455384887576315
}