{
  "相对路径": "48kHz_DE_data\\B\\0007\\B007_3.mat",
  "文件": "B007_3.mat",
  "通道": "FE",
  "采样率": 48000.0,
  "时长(秒)": 3.0,
  "故障类别": "滚动体",
  "外圈方位": null,
  "采样点位": null,
  "尺寸(inch)": 0.007,
  "载荷": 3,
  "RPM": 1721,
  "均值": -0.00024607249682369504,
  "标准差": 0.14129097784283035,
  "RMS": 0.14129119212271116,
  "峭度": -0.3579078023307978,
  "偏度": -0.17120855901988197,
  "峰值": 0.5719872729766217,
  "峰值因子": 4.048286835033933
}