{
  "相对路径": "48kHz_DE_data\\B\\0007\\B007_0.mat",
  "文件": "B007_0.mat",
  "通道": "FE",
  "采样率": 48000.0,
  "时长(秒)": 3.0,
  "故障类别": "滚动体",
  "外圈方位": null,
  "采样点位": null,
  "尺寸(inch)": 0.007,
  "载荷": 0,
  "RPM": 1796,
  "均值": -0.0002959537662655241,
  "标准差": 0.10832110815357614,
  "RMS": 0.10832151245366962,
  "峭度": -0.26427509576545205,
  "偏度": -0.01622759564105297,
  "峰值": 0.4608112312968658,
  "峰值因子": 4.254106325315206
}