{
  "相对路径": "12kHz_FE_data\\B\\0007\\B007_3.mat",
  "文件": "B007_3.mat",
  "通道": "BA",
  "采样率": 12000.0,
  "时长(秒)": 3.0,
  "故障类别": "滚动体",
  "外圈方位": null,
  "采样点位": null,
  "尺寸(inch)": 0.007,
  "载荷": 3,
  "RPM": 1732,
  "均值": 0.00036590260023161434,
  "标准差": 0.23385083331495704,
  "RMS": 0.2338511195757093,
  "峭度": -1.3252447302441368,
  "偏度": -0.012507144211282335,
  "峰值": 0.5210921416924396,
  "峰值因子": 2.228307235124166
}