{
  "相对路径": "48kHz_DE_data\\B\\0007\\B007_1.mat",
  "文件": "B007_1.mat",
  "通道": "FE",
  "采样率": 48000.0,
  "时长(秒)": 3.0,
  "故障类别": "滚动体",
  "外圈方位": null,
  "采样点位": null,
  "尺寸(inch)": 0.007,
  "载荷": 1,
  "RPM": 1772,
  "均值": 0.0004916929822008283,
  "标准差": 0.08783323276633977,
  "RMS": 0.08783460901133884,
  "峭度": -0.07842705182328169,
  "偏度": -0.028220086168101025,
  "峰值": 0.4047346878511325,
  "峰值因子": 4.607918136219904
}