{
  "相对路径": "12kHz_FE_data\\B\\0014\\B014_1.mat",
  "文件": "B014_1.mat",
  "通道": "BA",
  "采样率": 12000.0,
  "时长(秒)": 3.0,
  "故障类别": "滚动体",
  "外圈方位": null,
  "采样点位": null,
  "尺寸(inch)": 0.014,
  "载荷": 1,
  "RPM": 1775,
  "均值": -0.0005370896312246322,
  "标准差": 0.4467134838974157,
  "RMS": 0.44671380677234346,
  "峭度": -1.3995721238101289,
  "偏度": 0.004425696174139482,
  "峰值": 0.8881593485966027,
  "峰值因子": 1.9882066216261611
}