{
  "相对路径": "48kHz_DE_data\\B\\0014\\B014_2.mat",
  "文件": "B014_2.mat",
  "通道": "DE",
  "采样率": 48000.0,
  "时长(秒)": 3.0,
  "故障类别": "滚动体",
  "外圈方位": null,
  "采样点位": null,
  "尺寸(inch)": 0.014,
  "载荷": 2,
  "RPM": 1748,
  "均值": -0.0008251668260812194,
  "标准差": 0.16539017527691113,
  "RMS": 0.16539223373066297,
  "峭度": 23.070227686146318,
  "偏度": 0.24337686315432133,
  "峰值": 2.9103422052123804,
  "峰值因子": 17.596607407526754
}