{
  "相对路径": "48kHz_DE_data\\B\\0014\\B014_1.mat",
  "文件": "B014_1.mat",
  "通道": "FE",
  "采样率": 48000.0,
  "时长(秒)": 3.0,
  "故障类别": "滚动体",
  "外圈方位": null,
  "采样点位": null,
  "尺寸(inch)": 0.014,
  "载荷": 1,
  "RPM": 1772,
  "均值": -9.83194381041015e-06,
  "标准差": 0.08235306502918197,
  "RMS": 0.0823530656160886,
  "峭度": 2.713356595081244,
  "偏度": -0.07464687519101355,
  "峰值": 0.954674049671083,
  "峰值因子": 11.592453086343596
}