{
  "相对路径": "48kHz_DE_data\\B\\0014\\B014_1.mat",
  "文件": "B014_1.mat",
  "通道": "DE",
  "采样率": 48000.0,
  "时长(秒)": 3.0,
  "故障类别": "滚动体",
  "外圈方位": null,
  "采样点位": null,
  "尺寸(inch)": 0.014,
  "载荷": 1,
  "RPM": 1772,
  "均值": 0.000633703894405533,
  "标准差": 0.1483593249662382,
  "RMS": 0.14836067836547412,
  "峭度": 11.979499914674005,
  "偏度": 0.0837692413675278,
  "峰值": 2.304677642907226,
  "峰值因子": 15.534288925464775
}