{
  "相对路径": "12kHz_FE_data\\B\\0014\\B014_3.mat",
  "文件": "B014_3.mat",
  "通道": "BA",
  "采样率": 12000.0,
  "时长(秒)": 3.0,
  "故障类别": "滚动体",
  "外圈方位": null,
  "采样点位": null,
  "尺寸(inch)": 0.014,
  "载荷": 3,
  "RPM": 1732,
  "均值": -3.435100853379707e-05,
  "标准差": 0.6528636931231591,
  "RMS": 0.6528636940268636,
  "峭度": -1.4260231567906245,
  "偏度": 0.00184537412774052,
  "峰值": 1.2530133694503078,
  "峰值因子": 1.919257236869339
}