{
  "相对路径": "12kHz_FE_data\\B\\0014\\B014_0.mat",
  "文件": "B014_0.mat",
  "通道": "BA",
  "采样率": 12000.0,
  "时长(秒)": 3.0,
  "故障类别": "滚动体",
  "外圈方位": null,
  "采样点位": null,
  "尺寸(inch)": 0.014,
  "载荷": 0,
  "RPM": 1796,
  "均值": 0.000984184106892646,
  "标准差": 0.2942663756146187,
  "RMS": 0.2942680214289689,
  "峭度": -1.312603492141031,
  "偏度": -0.022906971531399645,
  "峰值": 0.6879285510178463,
  "峰值因子": 2.3377618392826287
}