{
  "相对路径": "48kHz_DE_data\\B\\0014\\B014_2.mat",
  "文件": "B014_2.mat",
  "通道": "FE",
  "采样率": 48000.0,
  "时长(秒)": 3.0,
  "故障类别": "滚动体",
  "外圈方位": null,
  "采样点位": null,
  "尺寸(inch)": 0.014,
  "载荷": 2,
  "RPM": 1748,
  "均值": -0.0002622941958805605,
  "标准差": 0.10141716311924892,
  "RMS": 0.10141750230311106,
  "峭度": 1.9144671353953342,
  "偏度": -0.039200054325937185,
  "峰值": 1.0449043625970487,
  "峰值因子": 10.302998386551623
}