{
  "相对路径": "48kHz_DE_data\\B\\0014\\B014_3.mat",
  "文件": "B014_3.mat",
  "通道": "FE",
  "采样率": 48000.0,
  "时长(秒)": 3.0,
  "故障类别": "滚动体",
  "外圈方位": null,
  "采样点位": null,
  "尺寸(inch)": 0.014,
  "载荷": 3,
  "RPM": 1725,
  "均值": -1.9454677696177802e-06,
  "标准差": 0.12398804663910598,
  "RMS": 0.12398804665436892,
  "峭度": 1.0484844271233236,
  "偏度": 0.0006273594200428137,
  "峰值": 0.8179625926394868,
  "峰值因子": 6.5971084690095365
}