{
  "相对路径": "12kHz_FE_data\\B\\0014\\B014_2.mat",
  "文件": "B014_2.mat",
  "通道": "BA",
  "采样率": 12000.0,
  "时长(秒)": 3.0,
  "故障类别": "滚动体",
  "外圈方位": null,
  "采样点位": null,
  "尺寸(inch)": 0.014,
  "载荷": 2,
  "RPM": 1755,
  "均值": 0.0003340363254882568,
  "标准差": 0.5591794637043248,
  "RMS": 0.5591795634757435,
  "峭度": -1.415980272258397,
  "偏度": 0.0024918350510287615,
  "峰值": 1.051805160338567,
  "峰值因子": 1.880979257898421
}