{
  "相对路径": "48kHz_DE_data\\B\\0014\\B014_0.mat",
  "文件": "B014_0.mat",
  "通道": "DE",
  "采样率": 48000.0,
  "时长(秒)": 3.0,
  "故障类别": "滚动体",
  "外圈方位": null,
  "采样点位": null,
  "尺寸(inch)": 0.014,
  "载荷": 0,
  "RPM": 1797,
  "均值": -0.0006987297146062229,
  "标准差": 0.13452761612591244,
  "RMS": 0.1345294306972825,
  "峭度": 7.961777422037937,
  "偏度": -0.007097519198442735,
  "峰值": 1.2870354553110348,
  "峰值因子": 9.566943446056174
}