{
  "相对路径": "12kHz_FE_data\\B\\0021\\B021_3.mat",
  "文件": "B021_3.mat",
  "通道": "BA",
  "采样率": 12000.0,
  "时长(秒)": 3.0,
  "故障类别": "滚动体",
  "外圈方位": null,
  "采样点位": null,
  "尺寸(inch)": 0.021,
  "载荷": 3,
  "RPM": 1734,
  "均值": -0.00020400059416819262,
  "标准差": 0.20926449111792667,
  "RMS": 0.20926459055245644,
  "峭度": -1.2986894548541188,
  "偏度": -0.014520001271832261,
  "峰值": 0.4682994765829942,
  "峰值因子": 2.237834290773648
}