{
  "相对路径": "48kHz_DE_data\\B\\0021\\B021_0.mat",
  "文件": "B021_0.mat",
  "通道": "FE",
  "采样率": 48000.0,
  "时长(秒)": 3.0,
  "故障类别": "滚动体",
  "外圈方位": null,
  "采样点位": null,
  "尺寸(inch)": 0.021,
  "载荷": 0,
  "RPM": 1797,
  "均值": 0.01837112634044558,
  "标准差": 0.3502734074279258,
  "RMS": 0.3507548406425581,
  "峭度": 0.3852202015809074,
  "偏度": -0.0030750100860230324,
  "峰值": 2.106359966614716,
  "峰值因子": 6.0052199500825525
}