{
  "相对路径": "48kHz_DE_data\\B\\0021\\B021_3.mat",
  "文件": "B021_3.mat",
  "通道": "FE",
  "采样率": 48000.0,
  "时长(秒)": 3.0,
  "故障类别": "滚动体",
  "外圈方位": null,
  "采样点位": null,
  "尺寸(inch)": 0.021,
  "载荷": 3,
  "RPM": 1729,
  "均值": -0.0007522211183210988,
  "标准差": 0.11738830849354999,
  "RMS": 0.11739071857513995,
  "峭度": 0.5790991339489673,
  "偏度": 0.0014623090444569593,
  "峰值": 0.8506641162319574,
  "峰值因子": 7.246434186255199
}