{
  "相对路径": "48kHz_DE_data\\B\\0021\\B021_3.mat",
  "文件": "B021_3.mat",
  "通道": "DE",
  "采样率": 48000.0,
  "时长(秒)": 3.0,
  "故障类别": "滚动体",
  "外圈方位": null,
  "采样点位": null,
  "尺寸(inch)": 0.021,
  "载荷": 3,
  "RPM": 1729,
  "均值": -0.0014701173160488559,
  "标准差": 0.3793095112033077,
  "RMS": 0.3793123601126322,
  "峭度": 13.188209457623476,
  "偏度": 0.05242361335253506,
  "峰值": 3.4296368060852793,
  "峰值因子": 9.041721722611122
}