{
  "相对路径": "12kHz_FE_data\\B\\0021\\B021_2.mat",
  "文件": "B021_2.mat",
  "通道": "BA",
  "采样率": 12000.0,
  "时长(秒)": 3.0,
  "故障类别": "滚动体",
  "外圈方位": null,
  "采样点位": null,
  "尺寸(inch)": 0.021,
  "载荷": 2,
  "RPM": 1756,
  "均值": 0.0005548464114260342,
  "标准差": 0.17895718909002492,
  "RMS": 0.1789580492225572,
  "峭度": -1.2846656194629382,
  "偏度": -0.024660942069102208,
  "峰值": 0.41444571243844763,
  "峰值因子": 2.315881930088718
}