{
  "相对路径": "48kHz_DE_data\\B\\0021\\B021_2.mat",
  "文件": "B021_2.mat",
  "通道": "FE",
  "采样率": 48000.0,
  "时长(秒)": 3.0,
  "故障类别": "滚动体",
  "外圈方位": null,
  "采样点位": null,
  "尺寸(inch)": 0.021,
  "载荷": 2,
  "RPM": 1754,
  "均值": 0.0005665952732180789,
  "标准差": 0.10804813430013238,
  "RMS": 0.10804961987875326,
  "峭度": 1.6937237008177508,
  "偏度": 0.0024457823688109727,
  "峰值": 1.1086977523565513,
  "峰值因子": 10.261005578739331
}