{
  "相对路径": "12kHz_DE_data\\B\\0028\\B028_1_(1772rpm).mat",
  "文件": "B028_1_(1772rpm).mat",
  "通道": "DE",
  "采样率": 12000.0,
  "时长(秒)": 3.0,
  "故障类别": "滚动体",
  "外圈方位": null,
  "采样点位": null,
  "尺寸(inch)": 0.028,
  "载荷": 1,
  "RPM": 1772,
  "均值": 0.007860565627937272,
  "标准差": 1.9882989732896614,
  "RMS": 1.9883145112573897,
  "峭度": 1.027151246966869,
  "偏度": 0.04621179419205188,
  "峰值": 10.64506267731127,
  "峰值因子": 5.353812295309076
}