{
  "相对路径": "12kHz_DE_data\\B\\0028\\B028_2_(1750rpm).mat",
  "文件": "B028_2_(1750rpm).mat",
  "通道": "DE",
  "采样率": 12000.0,
  "时长(秒)": 3.0,
  "故障类别": "滚动体",
  "外圈方位": null,
  "采样点位": null,
  "尺寸(inch)": 0.028,
  "载荷": 2,
  "RPM": 1750,
  "均值": 0.0048886669555743304,
  "标准差": 2.1333926015976856,
  "RMS": 2.1333982027779865,
  "峭度": 0.6602489926373325,
  "偏度": 0.039408898335839694,
  "峰值": 9.36090807757224,
  "峰值因子": 4.387792239340509
}