{
  "相对路径": "12kHz_FE_data\\IR\\0007\\IR007_2.mat",
  "文件": "IR007_2.mat",
  "通道": "BA",
  "采样率": 12000.0,
  "时长(秒)": 3.0,
  "故障类别": "内圈",
  "外圈方位": null,
  "采样点位": null,
  "尺寸(inch)": 0.007,
  "载荷": 2,
  "RPM": 1755,
  "均值": 0.0006857065293089461,
  "标准差": 0.24079075014389112,
  "RMS": 0.24079172649470773,
  "峭度": -1.3268913808468465,
  "偏度": 0.028392588635269934,
  "峰值": 0.5424698210951954,
  "峰值因子": 2.252859053723003
}