{
  "相对路径": "48kHz_DE_data\\IR\\0007\\IR007_2.mat",
  "文件": "IR007_2.mat",
  "通道": "DE",
  "采样率": 48000.0,
  "时长(秒)": 3.0,
  "故障类别": "内圈",
  "外圈方位": null,
  "采样点位": null,
  "尺寸(inch)": 0.007,
  "载荷": 2,
  "RPM": 1748,
  "均值": -0.0007428618676043923,
  "标准差": 0.280587124015915,
  "RMS": 0.2805881073874601,
  "峭度": 4.465529673672983,
  "偏度": -0.08229001077380234,
  "峰值": 1.6793359891240147,
  "峰值因子": 5.985057616162768
}