{
  "相对路径": "48kHz_DE_data\\IR\\0007\\IR007_0.mat",
  "文件": "IR007_0.mat",
  "通道": "DE",
  "采样率": 48000.0,
  "时长(秒)": 3.0,
  "故障类别": "内圈",
  "外圈方位": null,
  "采样点位": null,
  "尺寸(inch)": 0.007,
  "载荷": 0,
  "RPM": 1796,
  "均值": -0.0004154526345666798,
  "标准差": 0.5827469968244715,
  "RMS": 0.5827471449169288,
  "峭度": 3.0426945834511283,
  "偏度": 0.004757318927963821,
  "峰值": 3.492756679495063,
  "峰值因子": 5.9936058202275
}