{
  "相对路径": "12kHz_FE_data\\IR\\0007\\IR007_1.mat",
  "文件": "IR007_1.mat",
  "通道": "BA",
  "采样率": 12000.0,
  "时长(秒)": 3.0,
  "故障类别": "内圈",
  "外圈方位": null,
  "采样点位": null,
  "尺寸(inch)": 0.007,
  "载荷": 1,
  "RPM": 1772,
  "均值": 0.0001705059428080869,
  "标准差": 0.19493834014160638,
  "RMS": 0.1949384147094696,
  "峭度": -1.2524590624446552,
  "偏度": 0.06305417991254118,
  "峰值": 0.5045047165989243,
  "峰值因子": 2.5880210288506915
}