{
  "相对路径": "48kHz_DE_data\\IR\\0007\\IR007_0.mat",
  "文件": "IR007_0.mat",
  "通道": "FE",
  "采样率": 48000.0,
  "时长(秒)": 3.0,
  "故障类别": "内圈",
  "外圈方位": null,
  "采样点位": null,
  "尺寸(inch)": 0.007,
  "载荷": 0,
  "RPM": 1796,
  "均值": -0.00042469453793421544,
  "标准差": 0.4956600868521726,
  "RMS": 0.49566026879683817,
  "峭度": 0.4243132498575619,
  "偏度": -0.2338646808942139,
  "峰值": 2.570153553501879,
  "峰值因子": 5.1853128348185935
}