{
  "相对路径": "12kHz_FE_data\\IR\\0014\\IR014_2.mat",
  "文件": "IR014_2.mat",
  "通道": "BA",
  "采样率": 12000.0,
  "时长(秒)": 3.0,
  "故障类别": "内圈",
  "外圈方位": null,
  "采样点位": null,
  "尺寸(inch)": 0.014,
  "载荷": 2,
  "RPM": 1755,
  "均值": 0.0005956772323325321,
  "标准差": 0.38023118514105,
  "RMS": 0.38023165174026813,
  "峭度": -1.3951501327599274,
  "偏度": 0.0062473496974845884,
  "峰值": 0.8225222343854277,
  "峰值因子": 2.163213479521908
}