{
  "相对路径": "12kHz_FE_data\\IR\\0014\\IR014_3.mat",
  "文件": "IR014_3.mat",
  "通道": "BA",
  "采样率": 12000.0,
  "时长(秒)": 3.0,
  "故障类别": "内圈",
  "外圈方位": null,
  "采样点位": null,
  "尺寸(inch)": 0.014,
  "载荷": 3,
  "RPM": 1733,
  "均值": -9.581776523430327e-05,
  "标准差": 0.4400686649239759,
  "RMS": 0.44006867535535255,
  "峭度": -1.4108110738753425,
  "偏度": 0.006803290858777614,
  "峰值": 0.9076138312621315,
  "峰值因子": 2.0624368015497567
}