{
  "相对路径": "48kHz_DE_data\\IR\\0014\\IR014_2.mat",
  "文件": "IR014_2.mat",
  "通道": "DE",
  "采样率": 48000.0,
  "时长(秒)": 3.0,
  "故障类别": "内圈",
  "外圈方位": null,
  "采样点位": null,
  "尺寸(inch)": 0.014,
  "载荷": 2,
  "RPM": 1751,
  "均值": 0.0003257666042291508,
  "标准差": 0.23710775923652952,
  "RMS": 0.23710798302471492,
  "峭度": 17.248463730238694,
  "偏度": 0.131325051757933,
  "峰值": 2.651053651567192,
  "峰值因子": 11.18078614540304
}