{
  "相对路径": "48kHz_DE_data\\IR\\0014\\IR014_1.mat",
  "文件": "IR014_1.mat",
  "通道": "DE",
  "采样率": 48000.0,
  "时长(秒)": 3.0,
  "故障类别": "内圈",
  "外圈方位": null,
  "采样点位": null,
  "尺寸(inch)": 0.014,
  "载荷": 1,
  "RPM": 1772,
  "均值": 0.0011271667409206427,
  "标准差": 0.2599264793164348,
  "RMS": 0.2599289232746115,
  "峭度": 16.156819774133464,
  "偏度": 0.13834985769592995,
  "峰值": 2.9056314696483274,
  "峰值因子": 11.178561558455602
}