{
  "相对路径": "48kHz_DE_data\\IR\\0014\\IR014_0.mat",
  "文件": "IR014_0.mat",
  "通道": "FE",
  "采样率": 48000.0,
  "时长(秒)": 1.3289166666666667,
  "故障类别": "内圈",
  "外圈方位": null,
  "采样点位": null,
  "尺寸(inch)": 0.014,
  "载荷": 0,
  "RPM": 1796,
  "均值": 6.9341075595827175e-18,
  "标准差": 0.0931328868165423,
  "RMS": 0.0931328868165423,
  "峭度": 1.355323033894205,
  "偏度": -0.07657427497740234,
  "峰值": 0.5147959056989916,
  "峰值因子": 5.527541594550394
}