{
  "相对路径": "48kHz_DE_data\\IR\\0014\\IR014_3.mat",
  "文件": "IR014_3.mat",
  "通道": "FE",
  "采样率": 48000.0,
  "时长(秒)": 3.0,
  "故障类别": "内圈",
  "外圈方位": null,
  "采样点位": null,
  "尺寸(inch)": 0.014,
  "载荷": 3,
  "RPM": 1726,
  "均值": 0.00012567063274596116,
  "标准差": 0.09892330634221298,
  "RMS": 0.09892338616719129,
  "峭度": 0.9274928556777118,
  "偏度": -0.010902004234297557,
  "峰值": 0.6034038095313954,
  "峰值因子": 6.099708399706185
}