{
  "相对路径": "12kHz_DE_data\\IR\\0028\\IR028_1_(1772rpm).mat",
  "文件": "IR028_1_(1772rpm).mat",
  "通道": "DE",
  "采样率": 12000.0,
  "时长(秒)": 3.0,
  "故障类别": "内圈",
  "外圈方位": null,
  "采样点位": null,
  "尺寸(inch)": 0.028,
  "载荷": 1,
  "RPM": 1772,
  "均值": -0.00020793093810065791,
  "标准差": 0.8368303352943879,
  "RMS": 0.8368303611271478,
  "峭度": 0.1673393916226975,
  "偏度": 0.10387097201574721,
  "峰值": 3.7670320564313435,
  "峰值因子": 4.50154802146212
}