{
  "相对路径": "48kHz_DE_data\\IR\\0021\\IR021_2.mat",
  "文件": "IR021_2.mat",
  "通道": "DE",
  "采样率": 48000.0,
  "时长(秒)": 3.0,
  "故障类别": "内圈",
  "外圈方位": null,
  "采样点位": null,
  "尺寸(inch)": 0.021,
  "载荷": 2,
  "RPM": 1752,
  "均值": 0.0009621867063207027,
  "标准差": 0.7714484708924676,
  "RMS": 0.7714490709344228,
  "峭度": 0.6846438239284351,
  "偏度": 0.05975074433243902,
  "峰值": 3.428610406050089,
  "峰值因子": 4.444376868452459
}