{
  "相对路径": "48kHz_DE_data\\IR\\0021\\IR021_3.mat",
  "文件": "IR021_3.mat",
  "通道": "DE",
  "采样率": 48000.0,
  "时长(秒)": 3.0,
  "故障类别": "内圈",
  "外圈方位": null,
  "采样点位": null,
  "尺寸(inch)": 0.021,
  "载荷": 3,
  "RPM": 1727,
  "均值": -8.740061700975349e-06,
  "标准差": 0.40305734946130095,
  "RMS": 0.40305734955606254,
  "峭度": 0.6147002358880651,
  "偏度": 0.04632280230849343,
  "峰值": 1.8312379124719573,
  "峰值因子": 4.543368119918738
}