{
  "相对路径": "48kHz_DE_data\\IR\\0021\\IR021_0.mat",
  "文件": "IR021_0.mat",
  "通道": "FE",
  "采样率": 48000.0,
  "时长(秒)": 3.0,
  "故障类别": "内圈",
  "外圈方位": null,
  "采样点位": null,
  "尺寸(inch)": 0.021,
  "载荷": 0,
  "RPM": 1796,
  "均值": 2.216960190926904e-05,
  "标准差": 0.5739937841260226,
  "RMS": 0.5739937845541556,
  "峭度": 1.2553849226682399,
  "偏度": -0.035996049480757034,
  "峰值": 3.017402512329182,
  "峰值因子": 5.2568557247931205
}