{
  "相对路径": "48kHz_DE_data\\IR\\0021\\IR021_3.mat",
  "文件": "IR021_3.mat",
  "通道": "FE",
  "采样率": 48000.0,
  "时长(秒)": 3.0,
  "故障类别": "内圈",
  "外圈方位": null,
  "采样点位": null,
  "尺寸(inch)": 0.021,
  "载荷": 3,
  "RPM": 1727,
  "均值": 0.00021562920751728217,
  "标准差": 0.19405516518007063,
  "RMS": 0.19405528498090344,
  "峭度": 1.5704164105481118,
  "偏度": 0.0063066567428284506,
  "峰值": 1.312290825646911,
  "峰值因子": 6.76245857347328
}