{
  "相对路径": "48kHz_DE_data\\IR\\0021\\IR021_1.mat",
  "文件": "IR021_1.mat",
  "通道": "FE",
  "采样率": 48000.0,
  "时长(秒)": 3.0,
  "故障类别": "内圈",
  "外圈方位": null,
  "采样点位": null,
  "尺寸(inch)": 0.021,
  "载荷": 1,
  "RPM": 1774,
  "均值": 0.00022524987478568094,
  "标准差": 0.19257393952276158,
  "RMS": 0.19257407125784695,
  "峭度": 1.0311530407131215,
  "偏度": 0.12130853805417915,
  "峰值": 1.0302336657712503,
  "峰值因子": 5.3498046701823085
}