{
  "相对路径": "12kHz_FE_data\\IR\\0021\\IR021_2.mat",
  "文件": "IR021_2.mat",
  "通道": "BA",
  "采样率": 12000.0,
  "时长(秒)": 3.0,
  "故障类别": "内圈",
  "外圈方位": null,
  "采样点位": null,
  "尺寸(inch)": 0.021,
  "载荷": 2,
  "RPM": 1758,
  "均值": -0.00023495242299396206,
  "标准差": 0.10244175431495803,
  "RMS": 0.10244202374888584,
  "峭度": -0.7781752968409217,
  "偏度": 0.1217887589559182,
  "峰值": 0.33299854245336613,
  "峰值因子": 3.2506048813486843
}