{
  "相对路径": "12kHz_FE_data\\IR\\0021\\IR021_0.mat",
  "文件": "IR021_0.mat",
  "通道": "BA",
  "采样率": 12000.0,
  "时长(秒)": 3.0,
  "故障类别": "内圈",
  "外圈方位": null,
  "采样点位": null,
  "尺寸(inch)": 0.021,
  "载荷": 0,
  "RPM": 1796,
  "均值": 8.89074921629941e-05,
  "标准差": 0.0847323808862228,
  "RMS": 0.08473242753037409,
  "峭度": -0.28897810509837196,
  "偏度": -0.003071811370480315,
  "峰值": 0.2946541410332115,
  "峰值因子": 3.47746606135634
}