{
  "相对路径": "48kHz_Normal_data\\N_0.mat",
  "文件": "N_0.mat",
  "通道": "FE",
  "采样率": 48000.0,
  "时长(秒)": 3.0,
  "故障类别": "正常",
  "外圈方位": null,
  "采样点位": "正常位",
  "尺寸(inch)": null,
  "载荷": 0,
  "RPM": 1796,
  "均值": -0.0005118988871615478,
  "标准差": 0.07804907038648289,
  "RMS": 0.07805074905896059,
  "峭度": -0.26296125887748767,
  "偏度": 0.13536332249772506,
  "峰值": 0.3252932765926364,
  "峰值因子": 4.167714986910702
}