{
  "相对路径": "48kHz_Normal_data\\N_1_(1772rpm).mat",
  "文件": "N_1_(1772rpm).mat",
  "通道": "FE",
  "采样率": 48000.0,
  "时长(秒)": 3.0,
  "故障类别": "正常",
  "外圈方位": null,
  "采样点位": "正常位",
  "尺寸(inch)": null,
  "载荷": 1,
  "RPM": 1772,
  "均值": 0.0002865806646190216,
  "标准差": 0.067306928365322,
  "RMS": 0.06730753846674174,
  "峭度": -0.11190208237506649,
  "偏度": 0.1290905586818959,
  "峰值": 0.27436838028583116,
  "峰值因子": 4.076339538421883
}