{
  "相对路径": "48kHz_Normal_data\\N_2_(1750rpm).mat",
  "文件": "N_2_(1750rpm).mat",
  "通道": "FE",
  "采样率": 48000.0,
  "时长(秒)": 3.0,
  "故障类别": "正常",
  "外圈方位": null,
  "采样点位": "正常位",
  "尺寸(inch)": null,
  "载荷": 2,
  "RPM": 1750,
  "均值": -0.00021811801761883806,
  "标准差": 0.06529420012544934,
  "RMS": 0.06529456444063195,
  "峭度": -0.13146280862224557,
  "偏度": 0.13284225065025465,
  "峰值": 0.279712050820765,
  "峰值因子": 4.283848942358575
}