{
  "相对路径": "48kHz_Normal_data\\N_3.mat",
  "文件": "N_3.mat",
  "通道": "FE",
  "采样率": 48000.0,
  "时长(秒)": 3.0,
  "故障类别": "正常",
  "外圈方位": null,
  "采样点位": "正常位",
  "尺寸(inch)": null,
  "载荷": 3,
  "RPM": 1725,
  "均值": 3.8117040817299215e-05,
  "标准差": 0.0755081766861775,
  "RMS": 0.07550818630704753,
  "峭度": -0.003724885972482994,
  "偏度": 0.024502009855033754,
  "峰值": 0.33329828871675843,
  "峰值因子": 4.4140682622335765
}