{
  "相对路径": "48kHz_DE_data\\OR\\Opposite\\0007\\OR007@12_2.mat",
  "文件": "OR007@12_2.mat",
  "通道": "DE",
  "采样率": 48000.0,
  "时长(秒)": 3.0,
  "故障类别": "外圈",
  "外圈方位": "12点位(Opposite)",
  "采样点位": null,
  "尺寸(inch)": 0.007,
  "载荷": null,
  "RPM": 1749,
  "均值": 0.0017287081004722813,
  "标准差": 0.2621917232454316,
  "RMS": 0.26219742212711716,
  "峭度": 8.34639371536846,
  "偏度": 0.04136537034774303,
  "峰值": 2.1454822412799595,
  "峰值因子": 8.182697693495241
}