{
  "相对路径": "48kHz_DE_data\\OR\\Orthogonal\\0007\\OR007@3_3.mat",
  "文件": "OR007@3_3.mat",
  "通道": "DE",
  "采样率": 48000.0,
  "时长(秒)": 3.0,
  "故障类别": "外圈",
  "外圈方位": "3点位(Orthogonal)",
  "采样点位": null,
  "尺寸(inch)": 0.007,
  "载荷": null,
  "RPM": 1724,
  "均值": -0.00022755843603454342,
  "标准差": 0.44353896157431943,
  "RMS": 0.44353901994894135,
  "峭度": 1.0905898497851805,
  "偏度": 0.047579742307809765,
  "峰值": 2.027157582371658,
  "峰值因子": 4.570415434035583
}