{
  "相对路径": "48kHz_DE_data\\OR\\Opposite\\0007\\OR007@12_3.mat",
  "文件": "OR007@12_3.mat",
  "通道": "DE",
  "采样率": 48000.0,
  "时长(秒)": 3.0,
  "故障类别": "外圈",
  "外圈方位": "12点位(Opposite)",
  "采样点位": null,
  "尺寸(inch)": 0.007,
  "载荷": null,
  "RPM": 1723,
  "均值": -0.0006681842908738757,
  "标准差": 0.2422371843490785,
  "RMS": 0.2422381059032951,
  "峭度": 7.329476988795916,
  "偏度": 0.023854213546549662,
  "峰值": 2.060541426157844,
  "峰值因子": 8.506264604712692
}