{
  "相对路径": "48kHz_DE_data\\OR\\Centered\\0007\\OR007@6_0.mat",
  "文件": "OR007@6_0.mat",
  "通道": "FE",
  "采样率": 48000.0,
  "时长(秒)": 3.0,
  "故障类别": "外圈",
  "外圈方位": "6点位(Centered)",
  "采样点位": null,
  "尺寸(inch)": 0.007,
  "载荷": null,
  "RPM": 1796,
  "均值": 0.0001899303432447156,
  "标准差": 0.23554901151506435,
  "RMS": 0.23554908808836258,
  "峭度": 0.5626557329944766,
  "偏度": 0.03368073433060148,
  "峰值": 1.0540598576365532,
  "峰值因子": 4.474905278517313
}