{
  "相对路径": "48kHz_DE_data\\OR\\Orthogonal\\0007\\OR007@3_0.mat",
  "文件": "OR007@3_0.mat",
  "通道": "DE",
  "采样率": 48000.0,
  "时长(秒)": 2.595875,
  "故障类别": "外圈",
  "外圈方位": "3点位(Orthogonal)",
  "采样点位": null,
  "尺寸(inch)": 0.007,
  "载荷": null,
  "RPM": 1797,
  "均值": 1.49690589346099e-17,
  "标准差": 0.39897198525458,
  "RMS": 0.39897198525458,
  "峭度": 1.1587090426529372,
  "偏度": 0.07866254018089612,
  "峰值": 1.9518746248745236,
  "峰值因子": 4.892259850347768
}