{
  "相对路径": "48kHz_DE_data\\OR\\Centered\\0007\\OR007@6_2.mat",
  "文件": "OR007@6_2.mat",
  "通道": "FE",
  "采样率": 48000.0,
  "时长(秒)": 3.0,
  "故障类别": "外圈",
  "外圈方位": "6点位(Centered)",
  "采样点位": null,
  "尺寸(inch)": 0.007,
  "载荷": null,
  "RPM": 1750,
  "均值": 4.056557620072227e-05,
  "标准差": 0.20224564755395408,
  "RMS": 0.20224565162218983,
  "峭度": 1.017703985394789,
  "偏度": 0.027727500721516203,
  "峰值": 1.052603827129231,
  "峰值因子": 5.204580759518996
}