{
  "相对路径": "48kHz_DE_data\\OR\\Orthogonal\\0007\\OR007@3_3.mat",
  "文件": "OR007@3_3.mat",
  "通道": "FE",
  "采样率": 48000.0,
  "时长(秒)": 3.0,
  "故障类别": "外圈",
  "外圈方位": "3点位(Orthogonal)",
  "采样点位": null,
  "尺寸(inch)": 0.007,
  "载荷": null,
  "RPM": 1724,
  "均值": 0.00012006557922466177,
  "标准差": 0.19938440940562724,
  "RMS": 0.1993844455562522,
  "峭度": 0.3860957566936163,
  "偏度": -0.0047446850869049505,
  "峰值": 1.0333910454403357,
  "峰值因子": 5.182907034484722
}