{
  "相对路径": "48kHz_DE_data\\OR\\Opposite\\0007\\OR007@12_0.mat",
  "文件": "OR007@12_0.mat",
  "通道": "FE",
  "采样率": 48000.0,
  "时长(秒)": 2.7076875,
  "故障类别": "外圈",
  "外圈方位": "12点位(Opposite)",
  "采样点位": null,
  "尺寸(inch)": 0.007,
  "载荷": null,
  "RPM": 1796,
  "均值": -4.974985493015189e-18,
  "标准差": 0.14632967176773043,
  "RMS": 0.14632967176773043,
  "峭度": 0.7101923293651531,
  "偏度": -0.05224913845728055,
  "峰值": 0.8252924359025473,
  "峰值因子": 5.6399527582658475
}