{
  "相对路径": "12kHz_FE_data\\OR\\Orthogonal\\0007\\OR007@3_0.mat",
  "文件": "OR007@3_0.mat",
  "通道": "BA",
  "采样率": 12000.0,
  "时长(秒)": 3.0,
  "故障类别": "外圈",
  "外圈方位": "3点位(Orthogonal)",
  "采样点位": null,
  "尺寸(inch)": 0.007,
  "载荷": null,
  "RPM": 1797,
  "均值": 0.00022754070180013426,
  "标准差": 0.08465397028662336,
  "RMS": 0.0846542760884498,
  "峭度": -0.5049604680203856,
  "偏度": -0.03447406645201498,
  "峰值": 0.2576424059154106,
  "峰值因子": 3.0434659395848667
}