{
  "相对路径": "48kHz_DE_data\\OR\\Opposite\\0007\\OR007@12_2.mat",
  "文件": "OR007@12_2.mat",
  "通道": "FE",
  "采样率": 48000.0,
  "时长(秒)": 3.0,
  "故障类别": "外圈",
  "外圈方位": "12点位(Opposite)",
  "采样点位": null,
  "尺寸(inch)": 0.007,
  "载荷": null,
  "RPM": 1749,
  "均值": -0.000882425561215942,
  "标准差": 0.15637612535723514,
  "RMS": 0.15637861508727083,
  "峭度": 1.612006661928607,
  "偏度": 0.0041121181693634535,
  "峰值": 1.005581928982933,
  "峰值因子": 6.430431222464427
}