{
  "相对路径": "48kHz_DE_data\\OR\\Centered\\0007\\OR007@6_2.mat",
  "文件": "OR007@6_2.mat",
  "通道": "DE",
  "采样率": 48000.0,
  "时长(秒)": 3.0,
  "故障类别": "外圈",
  "外圈方位": "6点位(Centered)",
  "采样点位": null,
  "尺寸(inch)": 0.007,
  "载荷": null,
  "RPM": 1750,
  "均值": -0.0005766257851962381,
  "标准差": 1.0229177973297852,
  "RMS": 1.0229179598537292,
  "峭度": 3.9700635114912313,
  "偏度": 0.0825010770096221,
  "峰值": 5.45691319727036,
  "峰值因子": 5.334653815297822
}