{
  "相对路径": "48kHz_DE_data\\OR\\Centered\\0007\\OR007@6_1.mat",
  "文件": "OR007@6_1.mat",
  "通道": "FE",
  "采样率": 48000.0,
  "时长(秒)": 3.0,
  "故障类别": "外圈",
  "外圈方位": "6点位(Centered)",
  "采样点位": null,
  "尺寸(inch)": 0.007,
  "载荷": null,
  "RPM": 1774,
  "均值": 0.0008658158675191991,
  "标准差": 0.21918032952340358,
  "RMS": 0.2191820396088699,
  "峭度": 0.7197293920690702,
  "偏度": 0.025598041089490195,
  "峰值": 1.0383780543597534,
  "峰值因子": 4.737514333805533
}