{
  "相对路径": "12kHz_FE_data\\OR\\Centered\\0007\\OR007@6_3.mat",
  "文件": "OR007@6_3.mat",
  "通道": "BA",
  "采样率": 12000.0,
  "时长(秒)": 3.0,
  "故障类别": "外圈",
  "外圈方位": "6点位(Centered)",
  "采样点位": null,
  "尺寸(inch)": 0.007,
  "载荷": null,
  "RPM": 1733,
  "均值": -3.5352839947267416e-05,
  "标准差": 0.151089509421046,
  "RMS": 0.1510895135570819,
  "峭度": -1.1353084471565265,
  "偏度": -0.03544241582922832,
  "峰值": 0.38094791906151015,
  "峰值因子": 2.521339238527546
}