{
  "相对路径": "12kHz_FE_data\\OR\\Opposite\\0007\\OR007@12_1.mat",
  "文件": "OR007@12_1.mat",
  "通道": "BA",
  "采样率": 12000.0,
  "时长(秒)": 3.0,
  "故障类别": "外圈",
  "外圈方位": "12点位(Opposite)",
  "采样点位": null,
  "尺寸(inch)": 0.007,
  "载荷": null,
  "RPM": 1775,
  "均值": 0.00068041261166447,
  "标准差": 0.11791617336448319,
  "RMS": 0.11791813644323322,
  "峭度": -1.119630545882134,
  "偏度": -0.11253295932461607,
  "峰值": 0.3040299117503533,
  "峰值因子": 2.578313403864857
}