{
  "相对路径": "48kHz_DE_data\\OR\\Centered\\0007\\OR007@6_3.mat",
  "文件": "OR007@6_3.mat",
  "通道": "FE",
  "采样率": 48000.0,
  "时长(秒)": 3.0,
  "故障类别": "外圈",
  "外圈方位": "6点位(Centered)",
  "采样点位": null,
  "尺寸(inch)": 0.007,
  "载荷": null,
  "RPM": 1725,
  "均值": -0.0005850431611316275,
  "标准差": 0.21520658150372757,
  "RMS": 0.21520737672770632,
  "峭度": 1.0347431299196854,
  "偏度": 0.06322031101919331,
  "峰值": 1.098658683896949,
  "峰值因子": 5.105116286450719
}