{
  "相对路径": "48kHz_DE_data\\OR\\Centered\\0014\\OR014@6_1.mat",
  "文件": "OR014@6_1.mat",
  "通道": "FE",
  "采样率": 48000.0,
  "时长(秒)": 3.0,
  "故障类别": "外圈",
  "外圈方位": "6点位(Centered)",
  "采样点位": null,
  "尺寸(inch)": 0.014,
  "载荷": null,
  "RPM": 1772,
  "均值": 0.0009355612036825342,
  "标准差": 0.10204754588194852,
  "RMS": 0.10205183435536191,
  "峭度": -0.19521601263337063,
  "偏度": -0.005629075690857202,
  "峰值": 0.544845988051368,
  "峰值因子": 5.3389142046591855
}