{
  "相对路径": "12kHz_FE_data\\OR\\Orthogonal\\0014\\OR014@3_2.mat",
  "文件": "OR014@3_2.mat",
  "通道": "FE",
  "采样率": 12000.0,
  "时长(秒)": 3.0,
  "故障类别": "外圈",
  "外圈方位": "3点位(Orthogonal)",
  "采样点位": null,
  "尺寸(inch)": 0.014,
  "载荷": null,
  "RPM": 1752,
  "均值": -0.00022463514661020718,
  "标准差": 0.4029592691923958,
  "RMS": 0.4029593318053557,
  "峭度": 5.451300866024948,
  "偏度": 0.07470449200706199,
  "峰值": 2.4873014138072143,
  "峰值因子": 6.17258670413091
}