{
  "相对路径": "12kHz_FE_data\\OR\\Orthogonal\\0014\\OR014@3_3.mat",
  "文件": "OR014@3_3.mat",
  "通道": "DE",
  "采样率": 12000.0,
  "时长(秒)": 3.0,
  "故障类别": "外圈",
  "外圈方位": "3点位(Orthogonal)",
  "采样点位": null,
  "尺寸(inch)": 0.014,
  "载荷": null,
  "RPM": 1728,
  "均值": 0.0004680019070618039,
  "标准差": 0.2860329734250576,
  "RMS": 0.2860333562928714,
  "峭度": 1.764660479221643,
  "偏度": 0.02623562359322581,
  "峰值": 1.3194211450285966,
  "峰值因子": 4.612822651626801
}