{
  "相对路径": "48kHz_DE_data\\OR\\Centered\\0014\\OR014@6_1.mat",
  "文件": "OR014@6_1.mat",
  "通道": "DE",
  "采样率": 48000.0,
  "时长(秒)": 3.0,
  "故障类别": "外圈",
  "外圈方位": "6点位(Centered)",
  "采样点位": null,
  "尺寸(inch)": 0.014,
  "载荷": null,
  "RPM": 1772,
  "均值": 0.0014938101187771842,
  "标准差": 0.1354849660535098,
  "RMS": 0.13549320091868688,
  "峭度": 0.1287591135274253,
  "偏度": -0.005975836088932762,
  "峰值": 0.623511974516213,
  "峰值因子": 4.601795295177943
}