{
  "相对路径": "48kHz_DE_data\\OR\\Centered\\0014\\OR014@6_3.mat",
  "文件": "OR014@6_3.mat",
  "通道": "FE",
  "采样率": 48000.0,
  "时长(秒)": 3.0,
  "故障类别": "外圈",
  "外圈方位": "6点位(Centered)",
  "采样点位": null,
  "尺寸(inch)": 0.014,
  "载荷": null,
  "RPM": 1723,
  "均值": 0.0012675870255203247,
  "标准差": 0.09557058574755178,
  "RMS": 0.09557899160902157,
  "峭度": 0.006124607245037161,
  "偏度": -0.010766160891577446,
  "峰值": 0.4345995970148837,
  "峰值因子": 4.54702011078617
}