{
  "相对路径": "12kHz_FE_data\\OR\\Orthogonal\\0014\\OR014@3_1.mat",
  "文件": "OR014@3_1.mat",
  "通道": "DE",
  "采样率": 12000.0,
  "时长(秒)": 3.0,
  "故障类别": "外圈",
  "外圈方位": "3点位(Orthogonal)",
  "采样点位": null,
  "尺寸(inch)": 0.014,
  "载荷": null,
  "RPM": 1774,
  "均值": 0.0028278828066090043,
  "标准差": 0.11340956236686996,
  "RMS": 0.11344481370874951,
  "峭度": 0.7557915655206351,
  "偏度": -0.018536184188039945,
  "峰值": 0.6495780838323354,
  "峰值因子": 5.725939005903063
}