{
  "相对路径": "12kHz_FE_data\\OR\\Orthogonal\\0014\\OR014@3_1.mat",
  "文件": "OR014@3_1.mat",
  "通道": "BA",
  "采样率": 12000.0,
  "时长(秒)": 3.0,
  "故障类别": "外圈",
  "外圈方位": "3点位(Orthogonal)",
  "采样点位": null,
  "尺寸(inch)": 0.014,
  "载荷": null,
  "RPM": 1774,
  "均值": 0.004693860168150346,
  "标准差": 0.1497706902125298,
  "RMS": 0.14984422568125783,
  "峭度": -1.0772370875356199,
  "偏度": -0.03522689347458425,
  "峰值": 0.4642992284866469,
  "峰值因子": 3.0985460158757414
}