{
  "相对路径": "12kHz_DE_data\\OR\\Centered\\0014\\OR014@6_2.mat",
  "文件": "OR014@6_2.mat",
  "通道": "BA",
  "采样率": 12000.0,
  "时长(秒)": 3.0,
  "故障类别": "外圈",
  "外圈方位": "6点位(Centered)",
  "采样点位": null,
  "尺寸(inch)": 0.014,
  "载荷": null,
  "RPM": 1749,
  "均值": 0.00021775600586756733,
  "标准差": 0.030365323499855348,
  "RMS": 0.030366104276461917,
  "峭度": -0.06363132783219916,
  "偏度": 0.05612709002072111,
  "峰值": 0.12047350125427092,
  "峰值因子": 3.9673676991109836
}