{
  "相对路径": "12kHz_FE_data\\OR\\Orthogonal\\0014\\OR014@3_0.mat",
  "文件": "OR014@3_0.mat",
  "通道": "BA",
  "采样率": 12000.0,
  "时长(秒)": 3.0,
  "故障类别": "外圈",
  "外圈方位": "3点位(Orthogonal)",
  "采样点位": null,
  "尺寸(inch)": 0.014,
  "载荷": null,
  "RPM": 1796,
  "均值": -1.4290024486481331e-05,
  "标准差": 0.11294512280092699,
  "RMS": 0.11294512370492706,
  "峭度": -0.8032233085809577,
  "偏度": 0.03344927083316667,
  "峰值": 0.40743976537610704,
  "峰值因子": 3.6074135120747415
}