{
  "相对路径": "12kHz_FE_data\\OR\\Orthogonal\\0021\\OR021@3_2.mat",
  "文件": "OR021@3_2.mat",
  "通道": "BA",
  "采样率": 12000.0,
  "时长(秒)": 3.0,
  "故障类别": "外圈",
  "外圈方位": "3点位(Orthogonal)",
  "采样点位": null,
  "尺寸(inch)": 0.021,
  "载荷": null,
  "RPM": 1751,
  "均值": -2.6450169173690162e-05,
  "标准差": 0.1397522167436502,
  "RMS": 0.1397522192466926,
  "峭度": -1.280432865326345,
  "偏度": -0.029668290972716477,
  "峰值": 0.3135516865786692,
  "峰值因子": 2.2436258133774847
}