{
  "相对路径": "48kHz_DE_data\\OR\\Orthogonal\\0021\\OR021@3_1.mat",
  "文件": "OR021@3_1.mat",
  "通道": "DE",
  "采样率": 48000.0,
  "时长(秒)": 3.0,
  "故障类别": "外圈",
  "外圈方位": "3点位(Orthogonal)",
  "采样点位": null,
  "尺寸(inch)": 0.021,
  "载荷": null,
  "RPM": 1770,
  "均值": -0.0004999206380956255,
  "标准差": 0.7647824105290973,
  "RMS": 0.7647825739223802,
  "峭度": 4.377995084035509,
  "偏度": 0.05232491975136253,
  "峰值": 5.821195998619577,
  "峰值因子": 7.611569872420216
}