{
  "相对路径": "48kHz_DE_data\\OR\\Orthogonal\\0021\\OR021@3_3.mat",
  "文件": "OR021@3_3.mat",
  "通道": "FE",
  "采样率": 48000.0,
  "时长(秒)": 3.0,
  "故障类别": "外圈",
  "外圈方位": "3点位(Orthogonal)",
  "采样点位": null,
  "尺寸(inch)": 0.021,
  "载荷": null,
  "RPM": 1719,
  "均值": 0.0003086879128599074,
  "标准差": 0.22013915165233397,
  "RMS": 0.22013936807948922,
  "峭度": 2.966332965227701,
  "偏度": -0.253046991957101,
  "峰值": 1.6669710549673307,
  "峰值因子": 7.572344145030029
}