{
  "相对路径": "48kHz_DE_data\\OR\\Centered\\0021\\OR021@6_1.mat",
  "文件": "OR021@6_1.mat",
  "通道": "FE",
  "采样率": 48000.0,
  "时长(秒)": 3.0,
  "故障类别": "外圈",
  "外圈方位": "6点位(Centered)",
  "采样点位": null,
  "尺寸(inch)": 0.021,
  "载荷": null,
  "RPM": 1771,
  "均值": -0.00024293265855770437,
  "标准差": 0.21811840431157412,
  "RMS": 0.21811853959648622,
  "峭度": 12.254066968481224,
  "偏度": 0.3640636072855186,
  "峰值": 2.583761092028592,
  "峰值因子": 11.845673901945633
}