{
  "相对路径": "12kHz_FE_data\\OR\\Orthogonal\\0021\\OR021@3_3.mat",
  "文件": "OR021@3_3.mat",
  "通道": "BA",
  "采样率": 12000.0,
  "时长(秒)": 3.0,
  "故障类别": "外圈",
  "外圈方位": "3点位(Orthogonal)",
  "采样点位": null,
  "尺寸(inch)": 0.021,
  "载荷": null,
  "RPM": 1728,
  "均值": 0.0005961883370532849,
  "标准差": 0.16617647678994094,
  "RMS": 0.16617754625355083,
  "峭度": -1.2991805243368109,
  "偏度": -0.017185166372819,
  "峰值": 0.36052270438302586,
  "峰值因子": 2.169503115859868
}