{
  "相对路径": "12kHz_DE_data\\OR\\Opposite\\0021\\OR021@12_0.mat",
  "文件": "OR021@12_0.mat",
  "通道": "BA",
  "采样率": 12000.0,
  "时长(秒)": 3.0,
  "故障类别": "外圈",
  "外圈方位": "12点位(Opposite)",
  "采样点位": null,
  "尺寸(inch)": 0.021,
  "载荷": null,
  "RPM": 1796,
  "均值": -0.00034173141577457505,
  "标准差": 0.06189961902711197,
  "RMS": 0.06190056232428046,
  "峭度": 3.2002826078966073,
  "偏度": -0.3585102184521407,
  "峰值": 0.45244788100034433,
  "峰值因子": 7.309269318590211
}