{
  "相对路径": "12kHz_FE_data\\OR\\Orthogonal\\0021\\OR021@3_1.mat",
  "文件": "OR021@3_1.mat",
  "通道": "BA",
  "采样率": 12000.0,
  "时长(秒)": 3.0,
  "故障类别": "外圈",
  "外圈方位": "3点位(Orthogonal)",
  "采样点位": null,
  "尺寸(inch)": 0.021,
  "载荷": null,
  "RPM": 1773,
  "均值": 9.601345976674935e-05,
  "标准差": 0.11364573263685011,
  "RMS": 0.11364577319527054,
  "峭度": -1.1630549256081548,
  "偏度": -0.06272005491521633,
  "峰值": 0.3029406277766329,
  "峰值因子": 2.665656797073382
}