{
  "相对路径": "48kHz_DE_data\\OR\\Orthogonal\\0021\\OR021@3_2.mat",
  "文件": "OR021@3_2.mat",
  "通道": "FE",
  "采样率": 48000.0,
  "时长(秒)": 3.0,
  "故障类别": "外圈",
  "外圈方位": "3点位(Orthogonal)",
  "采样点位": null,
  "尺寸(inch)": 0.021,
  "载荷": null,
  "RPM": 1746,
  "均值": 0.0011090857659151474,
  "标准差": 0.23594505533509183,
  "RMS": 0.2359476620107004,
  "峭度": 2.4821394605938885,
  "偏度": -0.19665711197126157,
  "峰值": 1.7506596830843935,
  "峰值因子": 7.419694978816954
}