{
  "相对路径": "48kHz_DE_data\\OR\\Orthogonal\\0021\\OR021@3_1.mat",
  "文件": "OR021@3_1.mat",
  "通道": "FE",
  "采样率": 48000.0,
  "时长(秒)": 3.0,
  "故障类别": "外圈",
  "外圈方位": "3点位(Orthogonal)",
  "采样点位": null,
  "尺寸(inch)": 0.021,
  "载荷": null,
  "RPM": 1770,
  "均值": 0.0001696650386420903,
  "标准差": 0.2277368633308858,
  "RMS": 0.22773692653150457,
  "峭度": 2.713278729201516,
  "偏度": -0.15814101310299125,
  "峰值": 1.6243438688790066,
  "峰值因子": 7.132544965887642
}