{
  "相对路径": "48kHz_DE_data\\OR\\Opposite\\0021\\OR021@12_0.mat",
  "文件": "OR021@12_0.mat",
  "通道": "DE",
  "采样率": 48000.0,
  "时长(秒)": 2.7197708333333335,
  "故障类别": "外圈",
  "外圈方位": "12点位(Opposite)",
  "采样点位": null,
  "尺寸(inch)": 0.021,
  "载荷": null,
  "RPM": 1796,
  "均值": -2.3077167957033948e-17,
  "标准差": 0.5936276560000826,
  "RMS": 0.5936276560000826,
  "峭度": 22.6428165714619,
  "偏度": 0.1538197125172347,
  "峰值": 5.6768949002954185,
  "峰值因子": 9.563056644878804
}