{
  "相对路径": "48kHz_DE_data\\OR\\Opposite\\0021\\OR021@12_2.mat",
  "文件": "OR021@12_2.mat",
  "通道": "FE",
  "采样率": 48000.0,
  "时长(秒)": 3.0,
  "故障类别": "外圈",
  "外圈方位": "12点位(Opposite)",
  "采样点位": null,
  "尺寸(inch)": 0.021,
  "载荷": null,
  "RPM": 1746,
  "均值": 6.515391174980744e-05,
  "标准差": 0.13518601030378655,
  "RMS": 0.1351860260044939,
  "峭度": 5.723461911963206,
  "偏度": 0.03136479698473434,
  "峰值": 1.34120932641175,
  "峰值因子": 9.921212761792148
}