{
  "相对路径": "48kHz_DE_data\\OR\\Centered\\0021\\OR021@6_2.mat",
  "文件": "OR021@6_2.mat",
  "通道": "FE",
  "采样率": 48000.0,
  "时长(秒)": 3.0,
  "故障类别": "外圈",
  "外圈方位": "6点位(Centered)",
  "采样点位": null,
  "尺寸(inch)": 0.021,
  "载荷": null,
  "RPM": 1747,
  "均值": 0.00039107085116008,
  "标准差": 0.22790751949988924,
  "RMS": 0.22790785502260125,
  "峭度": 11.833370855006235,
  "偏度": 0.2806688050595785,
  "峰值": 2.605947123743977,
  "峰值因子": 11.434213724162992
}