{
  "相对路径": "48kHz_DE_data\\OR\\Centered\\0021\\OR021@6_0.mat",
  "文件": "OR021@6_0.mat",
  "通道": "DE",
  "采样率": 48000.0,
  "时长(秒)": 3.0,
  "故障类别": "外圈",
  "外圈方位": "6点位(Centered)",
  "采样点位": null,
  "尺寸(inch)": 0.021,
  "载荷": null,
  "RPM": 1796,
  "均值": 0.0007415630632648109,
  "标准差": 0.6690342955460419,
  "RMS": 0.6690347065231856,
  "峭度": 17.36029704281094,
  "偏度": -0.2158977232625836,
  "峰值": 7.676813282304005,
  "峰值因子": 11.474461948616357
}