{
  "相对路径": "48kHz_DE_data\\OR\\Centered\\0021\\OR021@6_2.mat",
  "文件": "OR021@6_2.mat",
  "通道": "DE",
  "采样率": 48000.0,
  "时长(秒)": 3.0,
  "故障类别": "外圈",
  "外圈方位": "6点位(Centered)",
  "采样点位": null,
  "尺寸(inch)": 0.021,
  "载荷": null,
  "RPM": 1747,
  "均值": 0.000981838798234356,
  "标准差": 0.6150875256389793,
  "RMS": 0.6150883092728292,
  "峭度": 18.79364391969207,
  "偏度": -0.342541077747619,
  "峰值": 7.177411849316753,
  "峰值因子": 11.66891280668632
}