{
  "相对路径": "48kHz_DE_data\\OR\\Orthogonal\\0021\\OR021@3_0.mat",
  "文件": "OR021@3_0.mat",
  "通道": "DE",
  "采样率": 48000.0,
  "时长(秒)": 2.6804791666666667,
  "故障类别": "外圈",
  "外圈方位": "3点位(Orthogonal)",
  "采样点位": null,
  "尺寸(inch)": 0.021,
  "载荷": null,
  "RPM": 1796,
  "均值": 4.138431115473952e-18,
  "标准差": 0.4130805742400648,
  "RMS": 0.4130805742400648,
  "峭度": 5.355763108291153,
  "偏度": -0.2453469915198397,
  "峰值": 3.255715248362,
  "峰值因子": 7.881550117314202
}